"No.","Time","Source","Destination","Protocol","Length","Info"
"1","0.000000000","10.0.2.15","192.168.0.1","DNS","86","Standard query 0xabc9 A detectportal.firefox.com"
"2","0.000131385","10.0.2.15","192.168.0.1","DNS","86","Standard query 0xffe4 AAAA detectportal.firefox.com"
"3","0.006455424","192.168.0.1","10.0.2.15","DNS","244","Standard query response 0xabc9 A detectportal.firefox.com CNAME detectportal.prod.mozaws.net CNAME detectportal.firefox.com-v2.edgesuite.net CNAME a1089.dscd.akamai.net A 2.23.167.51 A 2.23.167.41"
"4","0.007173270","192.168.0.1","10.0.2.15","DNS","268","Standard query response 0xffe4 AAAA detectportal.firefox.com CNAME detectportal.prod.mozaws.net CNAME detectportal.firefox.com-v2.edgesuite.net CNAME a1089.dscd.akamai.net AAAA 2a02:26f0:d0::217:a729 AAAA 2a02:26f0:d0::217:a733"
"5","0.008491983","10.0.2.15","2.23.167.51","TCP","76","34348  >  80 [SYN] Seq=0 Win=29200 Len=0 MSS=1460 SACK_PERM=1 TSval=1494655024 TSecr=0 WS=128"
"6","0.057887903","2.23.167.51","10.0.2.15","TCP","62","80  >  34348 [SYN, ACK] Seq=0 Ack=1 Win=65535 Len=0 MSS=1460"
"7","0.057974262","10.0.2.15","2.23.167.51","TCP","56","34348  >  80 [ACK] Seq=1 Ack=1 Win=29200 Len=0"
"8","0.058386815","10.0.2.15","2.23.167.51","HTTP","342","GET /success.txt HTTP/1.1 "
"9","0.059008537","2.23.167.51","10.0.2.15","TCP","62","80  >  34348 [ACK] Seq=1 Ack=287 Win=65535 Len=0"
"10","0.108247287","2.23.167.51","10.0.2.15","HTTP","440","HTTP/1.1 200 OK  (text/plain)"
"11","0.108293677","10.0.2.15","2.23.167.51","TCP","56","34348  >  80 [ACK] Seq=287 Ack=385 Win=30016 Len=0"
"12","3.305990580","10.0.2.15","192.168.0.1","DNS","74","Standard query 0x1544 A www.kali.org"
"13","3.306125883","10.0.2.15","192.168.0.1","DNS","74","Standard query 0xc958 AAAA www.kali.org"
"14","3.317052795","10.0.2.15","192.168.0.1","DNS","76","Standard query 0x16f4 A tools.kali.org"
"15","3.317211586","10.0.2.15","192.168.0.1","DNS","76","Standard query 0xf60d AAAA tools.kali.org"
"16","3.318481895","10.0.2.15","192.168.0.1","DNS","88","Standard query 0x85e5 A www.offensive-security.com"
"17","3.318630088","10.0.2.15","192.168.0.1","DNS","88","Standard query 0x55fc AAAA www.offensive-security.com"
"18","3.330783844","192.168.0.1","10.0.2.15","DNS","136","Standard query response 0xf60d AAAA tools.kali.org SOA ns2.no-ip.com"
"19","3.380084471","192.168.0.1","10.0.2.15","DNS","90","Standard query response 0x1544 A www.kali.org A 192.124.249.10"
"20","3.382951310","192.168.0.1","10.0.2.15","DNS","92","Standard query response 0x16f4 A tools.kali.org A 192.124.249.6"
"21","3.383458190","10.0.2.15","192.168.0.1","DNS","79","Standard query 0x1d9d A www.nethunter.com"
"22","3.383548943","10.0.2.15","192.168.0.1","DNS","79","Standard query 0xc1ad AAAA www.nethunter.com"
"23","3.391704011","192.168.0.1","10.0.2.15","DNS","136","Standard query response 0xc1ad AAAA www.nethunter.com SOA ns2.no-ip.com"
"24","3.394283821","192.168.0.1","10.0.2.15","DNS","145","Standard query response 0x55fc AAAA www.offensive-security.com SOA ns2.no-ip.com"
"25","3.448761679","192.168.0.1","10.0.2.15","DNS","95","Standard query response 0x1d9d A www.nethunter.com A 34.198.182.201"
"26","3.449349947","10.0.2.15","192.168.0.1","DNS","80","Standard query 0x8365 A www.exploit-db.com"
"27","3.449623512","10.0.2.15","192.168.0.1","DNS","80","Standard query 0xb375 AAAA www.exploit-db.com"
"28","3.531054904","192.168.0.1","10.0.2.15","DNS","134","Standard query response 0xc958 AAAA www.kali.org SOA ns2.no-ip.com"
"29","3.531665481","10.0.2.15","192.168.0.1","DNS","78","Standard query 0x73ef A www.facebook.com"
"30","3.531772034","10.0.2.15","192.168.0.1","DNS","78","Standard query 0x9ffd AAAA www.facebook.com"
"31","3.539809581","192.168.0.1","10.0.2.15","DNS","123","Standard query response 0x73ef A www.facebook.com CNAME star-mini.c10r.facebook.com A 157.240.194.35"
"32","3.540117419","192.168.0.1","10.0.2.15","DNS","135","Standard query response 0x9ffd AAAA www.facebook.com CNAME star-mini.c10r.facebook.com AAAA 2a03:2880:f10a:83:face:b00c:0:25de"
"33","3.540888505","10.0.2.15","192.168.0.1","DNS","73","Standard query 0x4afa A twitter.com"
"34","3.540970758","10.0.2.15","192.168.0.1","DNS","73","Standard query 0x2606 AAAA twitter.com"
"35","3.544803314","192.168.0.1","10.0.2.15","DNS","105","Standard query response 0x4afa A twitter.com A 104.244.42.129 A 104.244.42.65"
"36","3.547566292","192.168.0.1","10.0.2.15","DNS","104","Standard query response 0x85e5 A www.offensive-security.com A 192.124.249.5"
"37","3.549927243","192.168.0.1","10.0.2.15","DNS","145","Standard query response 0x2606 AAAA twitter.com SOA ns1.p26.dynect.net"
"38","3.550512978","10.0.2.15","192.168.0.1","DNS","78","Standard query 0xf590 A www.linkedin.com"
"39","3.550615358","10.0.2.15","192.168.0.1","DNS","78","Standard query 0xa99d AAAA www.linkedin.com"
"40","3.561283386","192.168.0.1","10.0.2.15","DNS","123","Standard query response 0xf590 A www.linkedin.com CNAME pop-tln1-alpha.www.linkedin.com A 185.63.144.1"
"41","3.561573498","192.168.0.1","10.0.2.15","DNS","135","Standard query response 0xa99d AAAA www.linkedin.com CNAME pop-tln1-alpha.www.linkedin.com AAAA 2620:109:c00c:104::b93f:9001"
"42","3.671314898","192.168.0.1","10.0.2.15","DNS","137","Standard query response 0xb375 AAAA www.exploit-db.com SOA ns2.no-ip.com"
"43","3.678230491","192.168.0.1","10.0.2.15","DNS","96","Standard query response 0x8365 A www.exploit-db.com A 192.124.249.8"
"44","10.272876083","10.0.2.15","2.23.167.51","TCP","56","[TCP Keep-Alive] 34348  >  80 [ACK] Seq=286 Ack=385 Win=30016 Len=0"
"45","10.273283167","2.23.167.51","10.0.2.15","TCP","62","[TCP Keep-Alive ACK] 80  >  34348 [ACK] Seq=385 Ack=287 Win=65535 Len=0"
"46","14.331334659","10.0.2.15","192.168.0.1","DNS","76","Standard query 0xed98 A www.google.com"
"47","14.331541002","10.0.2.15","192.168.0.1","DNS","76","Standard query 0x21ab AAAA www.google.com"
"48","14.332386643","10.0.2.15","192.168.0.1","DNS","77","Standard query 0x35d7 A www.youtube.com"
"49","14.332519096","10.0.2.15","192.168.0.1","DNS","77","Standard query 0xf5ec AAAA www.youtube.com"
"50","14.332774688","10.0.2.15","192.168.0.1","DNS","68","Standard query 0x4913 A vk.com"
"51","14.332832786","10.0.2.15","192.168.0.1","DNS","68","Standard query 0xf51d AAAA vk.com"
"52","14.338062547","192.168.0.1","10.0.2.15","DNS","104","Standard query response 0x21ab AAAA www.google.com AAAA 2a00:1450:4011:80f::1014"
"53","14.343509912","192.168.0.1","10.0.2.15","DNS","148","Standard query response 0x4913 A vk.com A 87.240.129.72 A 87.240.129.71 A 87.240.190.67 A 87.240.182.224 A 87.240.129.133"
"54","14.343993130","192.168.0.1","10.0.2.15","DNS","154","Standard query response 0x35d7 A www.youtube.com CNAME youtube-ui.l.google.com CNAME wide-youtube.l.google.com A 173.194.222.198"
"55","14.347837474","192.168.0.1","10.0.2.15","DNS","156","Standard query response 0xed98 A www.google.com A 173.194.44.17 A 173.194.44.18 A 173.194.44.16 A 173.194.44.20 A 173.194.44.19"
"56","14.348556878","10.0.2.15","192.168.0.1","DNS","67","Standard query 0xad01 A ok.ru"
"57","14.348673446","192.168.0.1","10.0.2.15","DNS","166","Standard query response 0xf5ec AAAA www.youtube.com CNAME youtube-ui.l.google.com CNAME wide-youtube.l.google.com AAAA 2a00:1450:4010:c08::c6"
"58","14.348754038","10.0.2.15","192.168.0.1","DNS","67","Standard query 0x5112 AAAA ok.ru"
"59","14.348952602","10.0.2.15","192.168.0.1","DNS","74","Standard query 0xdd38 A www.avito.ru"
"60","14.349019203","10.0.2.15","192.168.0.1","DNS","74","Standard query 0xd13f AAAA www.avito.ru"
"61","14.363363389","192.168.0.1","10.0.2.15","DNS","90","Standard query response 0xdd38 A www.avito.ru A 185.89.12.132"
"62","14.364651222","192.168.0.1","10.0.2.15","DNS","115","Standard query response 0xad01 A ok.ru A 217.20.155.13 A 217.20.147.1 A 5.61.23.11"
"63","14.370212280","192.168.0.1","10.0.2.15","DNS","137","Standard query response 0xd13f AAAA www.avito.ru SOA grace.ns.cloudflare.com"
"64","14.370620151","192.168.0.1","10.0.2.15","DNS","132","Standard query response 0x5112 AAAA ok.ru SOA ns1.ok.ru"
"65","14.370776193","10.0.2.15","192.168.0.1","DNS","80","Standard query 0xf1c0 A www.aliexpress.com"
"66","14.370840011","10.0.2.15","192.168.0.1","DNS","80","Standard query 0x41cf AAAA www.aliexpress.com"
"67","14.374225829","10.0.2.15","192.168.0.1","DNS","79","Standard query 0x4f73 A www.wikipedia.org"
"68","14.374357189","10.0.2.15","192.168.0.1","DNS","79","Standard query 0xcf80 AAAA www.wikipedia.org"
"69","14.375731271","192.168.0.1","10.0.2.15","DNS","124","Standard query response 0xf51d AAAA vk.com SOA ns1.vkontakte.ru"
"70","14.376220763","10.0.2.15","192.168.0.1","DNS","77","Standard query 0xed2a A www.mozilla.org"
"71","14.376366612","10.0.2.15","192.168.0.1","DNS","77","Standard query 0x9d37 AAAA www.mozilla.org"
"72","14.383418152","192.168.0.1","10.0.2.15","DNS","95","Standard query response 0x4f73 A www.wikipedia.org A 91.198.174.192"
"73","14.383961286","192.168.0.1","10.0.2.15","DNS","255","Standard query response 0xf1c0 A www.aliexpress.com CNAME allregion.aliexpress.com CNAME allregion.aliexpress.com.gds.alibabadns.com CNAME ruwildcard.alicdn.com.edgekey.net CNAME e11964.x.akamaiedge.net A 23.217.204.14"
"74","14.394274635","192.168.0.1","10.0.2.15","DNS","181","Standard query response 0x9d37 AAAA www.mozilla.org CNAME www.mozilla.org.cdn.cloudflare.net AAAA 2606:4700::6810:2902 AAAA 2606:4700::6810:2802"
"75","14.394338780","192.168.0.1","10.0.2.15","DNS","107","Standard query response 0xcf80 AAAA www.wikipedia.org AAAA 2620:0:862:ed1a::1"
"76","14.395299829","192.168.0.1","10.0.2.15","DNS","157","Standard query response 0xed2a A www.mozilla.org CNAME www.mozilla.org.cdn.cloudflare.net A 104.16.40.2 A 104.16.41.2"
"77","14.397144044","192.168.0.1","10.0.2.15","DNS","297","Standard query response 0x41cf AAAA www.aliexpress.com CNAME allregion.aliexpress.com CNAME allregion.aliexpress.com.gds.alibabadns.com CNAME ruwildcard.alicdn.com.edgekey.net CNAME e11964.x.akamaiedge.net SOA n0x.akamaiedge.net"
"78","20.512955992","10.0.2.15","2.23.167.51","TCP","56","[TCP Keep-Alive] 34348  >  80 [ACK] Seq=286 Ack=385 Win=30016 Len=0"
"79","20.513452357","2.23.167.51","10.0.2.15","TCP","62","[TCP Keep-Alive ACK] 80  >  34348 [ACK] Seq=385 Ack=287 Win=65535 Len=0"
"80","30.752091368","10.0.2.15","2.23.167.51","TCP","56","[TCP Keep-Alive] 34348  >  80 [ACK] Seq=286 Ack=385 Win=30016 Len=0"
"81","30.752559730","2.23.167.51","10.0.2.15","TCP","62","[TCP Keep-Alive ACK] 80  >  34348 [ACK] Seq=385 Ack=287 Win=65535 Len=0"
"82","33.761063006","10.0.2.15","192.168.0.1","DNS","89","Standard query 0x7bf4 A safebrowsing.googleapis.com"
"83","33.761370537","10.0.2.15","192.168.0.1","DNS","89","Standard query 0x3f10 AAAA safebrowsing.googleapis.com"
"84","33.766219083","192.168.0.1","10.0.2.15","DNS","117","Standard query response 0x3f10 AAAA safebrowsing.googleapis.com AAAA 2a00:1450:4010:c01::5f"
"85","33.769097458","192.168.0.1","10.0.2.15","DNS","105","Standard query response 0x7bf4 A safebrowsing.googleapis.com A 173.194.222.95"
"86","33.770124768","10.0.2.15","173.194.222.95","TCP","76","52196  >  443 [SYN] Seq=0 Win=29200 Len=0 MSS=1460 SACK_PERM=1 TSval=2699660921 TSecr=0 WS=128"
"87","33.804462959","173.194.222.95","10.0.2.15","TCP","62","443  >  52196 [SYN, ACK] Seq=0 Ack=1 Win=65535 Len=0 MSS=1460"
"88","33.804616278","10.0.2.15","173.194.222.95","TCP","56","52196  >  443 [ACK] Seq=1 Ack=1 Win=29200 Len=0"
"89","33.824037548","10.0.2.15","173.194.222.95","TLSv1.3","573","Client Hello"
"90","33.825001758","173.194.222.95","10.0.2.15","TCP","62","443  >  52196 [ACK] Seq=1 Ack=518 Win=65535 Len=0"
"91","33.858812115","173.194.222.95","10.0.2.15","TLSv1.3","1486","Server Hello, Change Cipher Spec"
"92","33.858870627","10.0.2.15","173.194.222.95","TCP","56","52196  >  443 [ACK] Seq=518 Ack=1431 Win=31240 Len=0"
"93","33.858995826","173.194.222.95","10.0.2.15","TCP","1486","443  >  52196 [PSH, ACK] Seq=1431 Ack=518 Win=65535 Len=1430 [TCP segment of a reassembled PDU]"
"94","33.859017177","10.0.2.15","173.194.222.95","TCP","56","52196  >  443 [ACK] Seq=518 Ack=2861 Win=34080 Len=0"
"95","33.860748273","173.194.222.95","10.0.2.15","TLSv1.3","869","Application Data"
"96","33.860772438","10.0.2.15","173.194.222.95","TCP","56","52196  >  443 [ACK] Seq=518 Ack=3674 Win=36920 Len=0"
"97","33.894214102","10.0.2.15","192.168.0.1","DNS","75","Standard query 0x8cba A ocsp.pki.goog"
"98","33.894342802","10.0.2.15","192.168.0.1","DNS","75","Standard query 0x40cf AAAA ocsp.pki.goog"
"99","33.900752808","192.168.0.1","10.0.2.15","DNS","174","Standard query response 0x8cba A ocsp.pki.goog CNAME pki-goog.l.google.com A 173.194.44.31 A 173.194.44.15 A 173.194.44.24 A 173.194.44.23"
"100","33.902009572","192.168.0.1","10.0.2.15","DNS","138","Standard query response 0x40cf AAAA ocsp.pki.goog CNAME pki-goog.l.google.com AAAA 2a00:1450:4011:80c::1017"
"101","33.902569616","10.0.2.15","173.194.44.31","TCP","76","43810  >  80 [SYN] Seq=0 Win=29200 Len=0 MSS=1460 SACK_PERM=1 TSval=1068961250 TSecr=0 WS=128"
"102","33.922704397","173.194.44.31","10.0.2.15","TCP","62","80  >  43810 [SYN, ACK] Seq=0 Ack=1 Win=65535 Len=0 MSS=1460"
"103","33.922828494","10.0.2.15","173.194.44.31","TCP","56","43810  >  80 [ACK] Seq=1 Ack=1 Win=29200 Len=0"
"104","33.929113301","10.0.2.15","173.194.44.31","OCSP","489","Request"
"105","33.929473803","173.194.44.31","10.0.2.15","TCP","62","80  >  43810 [ACK] Seq=1 Ack=434 Win=65535 Len=0"
"106","33.968227049","173.194.44.31","10.0.2.15","OCSP","769","Response"
"107","33.968273592","10.0.2.15","173.194.44.31","TCP","56","43810  >  80 [ACK] Seq=434 Ack=714 Win=29946 Len=0"
"108","33.971462229","10.0.2.15","173.194.222.95","TLSv1.3","120","Change Cipher Spec, Application Data"
"109","33.972138276","173.194.222.95","10.0.2.15","TCP","62","443  >  52196 [ACK] Seq=3674 Ack=582 Win=65535 Len=0"
"110","33.972717887","10.0.2.15","173.194.222.95","TLSv1.3","226","Application Data"
"111","33.972924355","10.0.2.15","173.194.222.95","TLSv1.3","489","Application Data"
"112","33.973140786","173.194.222.95","10.0.2.15","TCP","62","443  >  52196 [ACK] Seq=3674 Ack=752 Win=65535 Len=0"
"113","33.973159544","173.194.222.95","10.0.2.15","TCP","62","443  >  52196 [ACK] Seq=3674 Ack=1185 Win=65535 Len=0"
"114","34.005882081","173.194.222.95","10.0.2.15","TLSv1.3","558","Application Data"
"115","34.005919420","10.0.2.15","173.194.222.95","TCP","56","52196  >  443 [ACK] Seq=1185 Ack=4176 Win=39760 Len=0"
"116","34.006206057","173.194.222.95","10.0.2.15","TLSv1.3","118","Application Data"
"117","34.006225129","10.0.2.15","173.194.222.95","TCP","56","52196  >  443 [ACK] Seq=1185 Ack=4238 Win=39760 Len=0"
"118","34.006945856","173.194.222.95","10.0.2.15","TLSv1.3","87","Application Data"
"119","34.006969840","10.0.2.15","173.194.222.95","TCP","56","52196  >  443 [ACK] Seq=1185 Ack=4269 Win=39760 Len=0"
"120","34.007049478","10.0.2.15","173.194.222.95","TLSv1.3","87","Application Data"
"121","34.007575173","173.194.222.95","10.0.2.15","TCP","62","443  >  52196 [ACK] Seq=4269 Ack=1216 Win=65535 Len=0"
"122","34.010923881","173.194.222.95","10.0.2.15","TLSv1.3","812","Application Data, Application Data"
"123","34.011028871","173.194.222.95","10.0.2.15","TLSv1.3","271","Application Data, Application Data"
"124","34.012011216","10.0.2.15","173.194.222.95","TCP","56","52196  >  443 [ACK] Seq=1216 Ack=5240 Win=45440 Len=0"
"125","34.012402853","10.0.2.15","173.194.222.95","TLSv1.3","95","Application Data"
"126","34.013224717","173.194.222.95","10.0.2.15","TCP","62","443  >  52196 [ACK] Seq=5240 Ack=1255 Win=65535 Len=0"
"127","40.992092224","10.0.2.15","2.23.167.51","TCP","56","[TCP Keep-Alive] 34348  >  80 [ACK] Seq=286 Ack=385 Win=30016 Len=0"
"128","40.992526703","2.23.167.51","10.0.2.15","TCP","62","[TCP Keep-Alive ACK] 80  >  34348 [ACK] Seq=385 Ack=287 Win=65535 Len=0"
"129","44.066078018","10.0.2.15","173.194.44.31","TCP","56","[TCP Keep-Alive] 43810  >  80 [ACK] Seq=433 Ack=714 Win=29946 Len=0"
"130","44.066676798","173.194.44.31","10.0.2.15","TCP","62","[TCP Keep-Alive ACK] 80  >  43810 [ACK] Seq=714 Ack=434 Win=65535 Len=0"
"131","44.973411134","10.0.2.15","89.175.20.7","NTP","92","NTP Version 4, client"
"132","45.049299950","89.175.20.7","10.0.2.15","NTP","92","NTP Version 4, server"
"133","51.233081259","10.0.2.15","2.23.167.51","TCP","56","[TCP Keep-Alive] 34348  >  80 [ACK] Seq=286 Ack=385 Win=30016 Len=0"
"134","51.233624688","2.23.167.51","10.0.2.15","TCP","62","[TCP Keep-Alive ACK] 80  >  34348 [ACK] Seq=385 Ack=287 Win=65535 Len=0"
"135","54.304648442","10.0.2.15","173.194.44.31","TCP","56","[TCP Keep-Alive] 43810  >  80 [ACK] Seq=433 Ack=714 Win=29946 Len=0"
"136","54.305054158","173.194.44.31","10.0.2.15","TCP","62","[TCP Keep-Alive ACK] 80  >  43810 [ACK] Seq=714 Ack=434 Win=65535 Len=0"
"137","59.973357237","10.0.2.15","192.168.0.1","DNS","86","Standard query 0xeba6 A detectportal.firefox.com"
"138","59.973537148","10.0.2.15","192.168.0.1","DNS","86","Standard query 0xd1c1 AAAA detectportal.firefox.com"
"139","59.974599335","10.0.2.15","2.23.167.51","HTTP","342","GET /success.txt HTTP/1.1 "
"140","59.975072084","2.23.167.51","10.0.2.15","TCP","62","80  >  34348 [ACK] Seq=385 Ack=573 Win=65535 Len=0"
"141","59.982636784","192.168.0.1","10.0.2.15","DNS","244","Standard query response 0xeba6 A detectportal.firefox.com CNAME detectportal.prod.mozaws.net CNAME detectportal.firefox.com-v2.edgesuite.net CNAME a1089.dscd.akamai.net A 2.23.167.51 A 2.23.167.41"
"142","59.983415986","192.168.0.1","10.0.2.15","DNS","268","Standard query response 0xd1c1 AAAA detectportal.firefox.com CNAME detectportal.prod.mozaws.net CNAME detectportal.firefox.com-v2.edgesuite.net CNAME a1089.dscd.akamai.net AAAA 2a02:26f0:d0::217:a733 AAAA 2a02:26f0:d0::217:a729"
"143","60.022517536","2.23.167.51","10.0.2.15","HTTP","440","HTTP/1.1 200 OK  (text/plain)"
"144","60.022570443","10.0.2.15","2.23.167.51","TCP","56","34348  >  80 [ACK] Seq=573 Ack=769 Win=31088 Len=0"
"145","64.544600492","10.0.2.15","173.194.44.31","TCP","56","[TCP Keep-Alive] 43810  >  80 [ACK] Seq=433 Ack=714 Win=29946 Len=0"
"146","64.544977446","173.194.44.31","10.0.2.15","TCP","62","[TCP Keep-Alive ACK] 80  >  43810 [ACK] Seq=714 Ack=434 Win=65535 Len=0"
"147","70.176337464","10.0.2.15","2.23.167.51","TCP","56","[TCP Keep-Alive] 34348  >  80 [ACK] Seq=572 Ack=769 Win=31088 Len=0"
"148","70.176805647","2.23.167.51","10.0.2.15","TCP","62","[TCP Keep-Alive ACK] 80  >  34348 [ACK] Seq=769 Ack=573 Win=65535 Len=0"
"149","74.784649694","10.0.2.15","173.194.44.31","TCP","56","[TCP Keep-Alive] 43810  >  80 [ACK] Seq=433 Ack=714 Win=29946 Len=0"
"150","74.785089898","173.194.44.31","10.0.2.15","TCP","62","[TCP Keep-Alive ACK] 80  >  43810 [ACK] Seq=714 Ack=434 Win=65535 Len=0"
"151","80.138514057","10.0.2.15","192.168.0.1","DNS","76","Standard query 0xd97d A www.google.com"
"152","80.138742166","10.0.2.15","192.168.0.1","DNS","76","Standard query 0xa18e AAAA www.google.com"
"153","80.145360371","192.168.0.1","10.0.2.15","DNS","156","Standard query response 0xd97d A www.google.com A 173.194.44.20 A 173.194.44.19 A 173.194.44.17 A 173.194.44.16 A 173.194.44.18"
"154","80.146382130","192.168.0.1","10.0.2.15","DNS","104","Standard query response 0xa18e AAAA www.google.com AAAA 2a00:1450:4011:80a::1013"
"155","80.147048536","10.0.2.15","173.194.44.20","TCP","76","36726  >  443 [SYN] Seq=0 Win=29200 Len=0 MSS=1460 SACK_PERM=1 TSval=1186348347 TSecr=0 WS=128"
"156","80.169519847","173.194.44.20","10.0.2.15","TCP","62","443  >  36726 [SYN, ACK] Seq=0 Ack=1 Win=65535 Len=0 MSS=1460"
"157","80.169590155","10.0.2.15","173.194.44.20","TCP","56","36726  >  443 [ACK] Seq=1 Ack=1 Win=29200 Len=0"
"158","80.184937847","10.0.2.15","173.194.44.20","TLSv1.2","573","Client Hello"
"159","80.185584879","173.194.44.20","10.0.2.15","TCP","62","443  >  36726 [ACK] Seq=1 Ack=518 Win=65535 Len=0"
"160","80.220783597","173.194.44.20","10.0.2.15","TLSv1.2","2379","Server Hello, Certificate, Server Key Exchange, Server Hello Done"
"161","80.220828363","10.0.2.15","173.194.44.20","TCP","56","36726  >  443 [ACK] Seq=518 Ack=2324 Win=32660 Len=0"
"162","80.239811509","10.0.2.15","173.194.44.20","TLSv1.2","149","Client Key Exchange, Change Cipher Spec, Encrypted Handshake Message"
"163","80.240517268","173.194.44.20","10.0.2.15","TCP","62","443  >  36726 [ACK] Seq=2324 Ack=611 Win=65535 Len=0"
"164","80.252335948","10.0.2.15","192.168.0.1","DNS","75","Standard query 0x13db A ocsp.pki.goog"
"165","80.252440358","10.0.2.15","192.168.0.1","DNS","75","Standard query 0xa702 AAAA ocsp.pki.goog"
"166","80.262125856","192.168.0.1","10.0.2.15","DNS","174","Standard query response 0x13db A ocsp.pki.goog CNAME pki-goog.l.google.com A 173.194.44.23 A 173.194.44.24 A 173.194.44.15 A 173.194.44.31"
"167","80.262178103","192.168.0.1","10.0.2.15","DNS","138","Standard query response 0xa702 AAAA ocsp.pki.goog CNAME pki-goog.l.google.com AAAA 2a00:1450:4011:80c::1017"
"168","80.262728252","10.0.2.15","173.194.44.23","TCP","76","39590  >  80 [SYN] Seq=0 Win=29200 Len=0 MSS=1460 SACK_PERM=1 TSval=4065218358 TSecr=0 WS=128"
"169","80.280373718","173.194.44.20","10.0.2.15","TLSv1.2","340","New Session Ticket, Change Cipher Spec, Encrypted Handshake Message"
"170","80.282963597","173.194.44.23","10.0.2.15","TCP","62","80  >  39590 [SYN, ACK] Seq=0 Ack=1 Win=65535 Len=0 MSS=1460"
"171","80.283050629","10.0.2.15","173.194.44.23","TCP","56","39590  >  80 [ACK] Seq=1 Ack=1 Win=29200 Len=0"
"172","80.283906534","10.0.2.15","173.194.44.23","OCSP","489","Request"
"173","80.284646105","173.194.44.23","10.0.2.15","TCP","62","80  >  39590 [ACK] Seq=1 Ack=434 Win=65535 Len=0"
"174","80.316334195","10.0.2.15","192.168.0.1","DNS","77","Standard query 0xe770 A ssl.gstatic.com"
"175","80.317003412","10.0.2.15","192.168.0.1","DNS","77","Standard query 0x7f9e AAAA ssl.gstatic.com"
"176","80.317612001","10.0.2.15","192.168.0.1","DNS","77","Standard query 0x43a0 A www.gstatic.com"
"177","80.317760792","10.0.2.15","192.168.0.1","DNS","77","Standard query 0xf3b6 AAAA www.gstatic.com"
"178","80.318475375","10.0.2.15","192.168.0.1","DNS","77","Standard query 0x6b0f A apis.google.com"
"179","80.318572822","10.0.2.15","192.168.0.1","DNS","77","Standard query 0x832d AAAA apis.google.com"
"180","80.321598789","173.194.44.23","10.0.2.15","OCSP","769","Response"
"181","80.321645371","10.0.2.15","173.194.44.23","TCP","56","39590  >  80 [ACK] Seq=434 Ack=714 Win=29946 Len=0"
"182","80.324674297","10.0.2.15","173.194.44.20","TCP","56","36726  >  443 [ACK] Seq=611 Ack=2608 Win=35500 Len=0"
"183","80.341013524","10.0.2.15","173.194.44.20","TLSv1.2","233","Application Data"
"184","80.341597257","173.194.44.20","10.0.2.15","TCP","62","443  >  36726 [ACK] Seq=2608 Ack=788 Win=65535 Len=0"
"185","80.343251403","192.168.0.1","10.0.2.15","DNS","105","Standard query response 0x7f9e AAAA ssl.gstatic.com AAAA 2a00:1450:4011:80a::1018"
"186","80.344146535","192.168.0.1","10.0.2.15","DNS","138","Standard query response 0x6b0f A apis.google.com CNAME plus.l.google.com CNAME wide-plus.l.google.com A 173.194.221.196"
"187","80.346004417","192.168.0.1","10.0.2.15","DNS","141","Standard query response 0xe770 A ssl.gstatic.com A 74.125.232.184 A 74.125.232.183 A 74.125.232.175 A 74.125.232.191"
"188","80.346667243","10.0.2.15","192.168.0.1","DNS","82","Standard query 0xf573 A adservice.google.com"
"189","80.346801814","10.0.2.15","192.168.0.1","DNS","82","Standard query 0xb180 AAAA adservice.google.com"
"190","80.347747256","192.168.0.1","10.0.2.15","DNS","105","Standard query response 0xf3b6 AAAA www.gstatic.com AAAA 2a00:1450:4011:80b::100f"
"191","80.348717380","192.168.0.1","10.0.2.15","DNS","141","Standard query response 0x43a0 A www.gstatic.com A 173.194.44.63 A 173.194.44.47 A 173.194.44.55 A 173.194.44.56"
"192","80.356288563","192.168.0.1","10.0.2.15","DNS","150","Standard query response 0x832d AAAA apis.google.com CNAME plus.l.google.com CNAME wide-plus.l.google.com AAAA 2a00:1450:4010:c08::c4"
"193","80.356915807","192.168.0.1","10.0.2.15","DNS","170","Standard query response 0xf573 A adservice.google.com CNAME pagead46.l.doubleclick.net A 173.194.32.205 A 173.194.32.217 A 173.194.32.218"
"194","80.357854584","192.168.0.1","10.0.2.15","DNS","150","Standard query response 0xb180 AAAA adservice.google.com CNAME pagead46.l.doubleclick.net AAAA 2a00:1450:4011:809::101a"
"195","80.375273437","173.194.44.20","10.0.2.15","TLSv1.2","125","Application Data"
"196","80.375329557","10.0.2.15","173.194.44.20","TCP","56","36726  >  443 [ACK] Seq=788 Ack=2677 Win=35500 Len=0"
"197","80.375697080","173.194.44.20","10.0.2.15","TLSv1.2","94","Application Data"
"198","80.375754856","10.0.2.15","173.194.44.20","TLSv1.2","94","Application Data"
"199","80.376243060","173.194.44.20","10.0.2.15","TCP","62","443  >  36726 [ACK] Seq=2715 Ack=826 Win=65535 Len=0"
"200","80.407613029","10.0.2.15","173.194.44.20","TLSv1.2","592","Application Data"
"201","80.408272780","173.194.44.20","10.0.2.15","TCP","62","443  >  36726 [ACK] Seq=2715 Ack=1362 Win=65535 Len=0"
"202","80.416224846","10.0.2.15","2.23.167.51","TCP","56","[TCP Keep-Alive] 34348  >  80 [ACK] Seq=572 Ack=769 Win=31088 Len=0"
"203","80.416584968","2.23.167.51","10.0.2.15","TCP","62","[TCP Keep-Alive ACK] 80  >  34348 [ACK] Seq=769 Ack=573 Win=65535 Len=0"
"204","80.489948045","173.194.44.20","10.0.2.15","TLSv1.2","2022","Application Data, Application Data"
"205","80.489993731","10.0.2.15","173.194.44.20","TCP","56","36726  >  443 [ACK] Seq=1362 Ack=4681 Win=39760 Len=0"
"206","80.490489709","173.194.44.20","10.0.2.15","TLSv1.2","1508","Application Data"
"207","80.490509343","10.0.2.15","173.194.44.20","TCP","56","36726  >  443 [ACK] Seq=1362 Ack=6133 Win=42600 Len=0"
"208","80.491327510","173.194.44.20","10.0.2.15","TLSv1.2","3611","Application Data, Application Data, Application Data"
"209","80.491349745","10.0.2.15","173.194.44.20","TCP","56","36726  >  443 [ACK] Seq=1362 Ack=9688 Win=49700 Len=0"
"210","80.493460987","173.194.44.20","10.0.2.15","TLSv1.2","2960","Application Data, Application Data"
"211","80.493510338","10.0.2.15","173.194.44.20","TCP","56","36726  >  443 [ACK] Seq=1362 Ack=12592 Win=55380 Len=0"
"212","80.493853437","173.194.44.20","10.0.2.15","TLSv1.2","2960","Application Data, Application Data"
"213","80.493873079","10.0.2.15","173.194.44.20","TCP","56","36726  >  443 [ACK] Seq=1362 Ack=15496 Win=61060 Len=0"
"214","80.494956004","173.194.44.20","10.0.2.15","TLSv1.2","2960","Application Data, Application Data"
"215","80.494992003","10.0.2.15","173.194.44.20","TCP","56","36726  >  443 [ACK] Seq=1362 Ack=18400 Win=65320 Len=0"
"216","80.495789341","173.194.44.20","10.0.2.15","TLSv1.2","2960","Application Data, Application Data"
"217","80.495816700","10.0.2.15","173.194.44.20","TCP","56","36726  >  443 [ACK] Seq=1362 Ack=21304 Win=65320 Len=0"
"218","80.498360162","173.194.44.20","10.0.2.15","TLSv1.2","1508","Application Data [TCP segment of a reassembled PDU]"
"219","80.498400977","10.0.2.15","173.194.44.20","TCP","56","36726  >  443 [ACK] Seq=1362 Ack=22756 Win=65320 Len=0"
"220","80.510418463","173.194.44.20","10.0.2.15","TLSv1.2","2960","Application Data, Application Data"
"221","80.510464272","10.0.2.15","173.194.44.20","TCP","56","36726  >  443 [ACK] Seq=1362 Ack=25660 Win=65320 Len=0"
"222","80.510534817","173.194.44.20","10.0.2.15","TLSv1.2","2960","Application Data, Application Data"
"223","80.510547467","10.0.2.15","173.194.44.20","TCP","56","36726  >  443 [ACK] Seq=1362 Ack=28564 Win=65320 Len=0"
"224","80.511139954","173.194.44.20","10.0.2.15","TLSv1.2","1508","Application Data [TCP segment of a reassembled PDU]"
"225","80.511158380","10.0.2.15","173.194.44.20","TCP","56","36726  >  443 [ACK] Seq=1362 Ack=30016 Win=65320 Len=0"
"226","80.511204012","173.194.44.20","10.0.2.15","TLSv1.2","1508","Application Data [TCP segment of a reassembled PDU]"
"227","80.511215216","10.0.2.15","173.194.44.20","TCP","56","36726  >  443 [ACK] Seq=1362 Ack=31468 Win=65320 Len=0"
"228","80.513302694","173.194.44.20","10.0.2.15","TLSv1.2","1508","Application Data [TCP segment of a reassembled PDU]"
"229","80.513341586","10.0.2.15","173.194.44.20","TCP","56","36726  >  443 [ACK] Seq=1362 Ack=32920 Win=65320 Len=0"
"230","80.513423267","173.194.44.20","10.0.2.15","TLSv1.2","1464","Application Data, Application Data"
"231","80.556757737","10.0.2.15","173.194.44.20","TCP","56","36726  >  443 [ACK] Seq=1362 Ack=34328 Win=65320 Len=0"
"232","80.817633076","173.194.44.20","10.0.2.15","TLSv1.2","3271","Application Data, Application Data, Application Data"
"233","80.817692036","10.0.2.15","173.194.44.20","TCP","56","36726  >  443 [ACK] Seq=1362 Ack=37543 Win=65320 Len=0"
"234","80.820364211","173.194.44.20","10.0.2.15","TLSv1.2","4283","Application Data, Application Data, Application Data"
"235","80.820390124","10.0.2.15","173.194.44.20","TCP","56","36726  >  443 [ACK] Seq=1362 Ack=41770 Win=65320 Len=0"
"236","80.821343490","173.194.44.20","10.0.2.15","TLSv1.2","4423","Application Data, Application Data, Application Data, Application Data"
"237","80.821359975","10.0.2.15","173.194.44.20","TCP","56","36726  >  443 [ACK] Seq=1362 Ack=46137 Win=65320 Len=0"
"238","80.822327110","173.194.44.20","10.0.2.15","TLSv1.2","4283","Application Data, Application Data, Application Data"
"239","80.822343516","10.0.2.15","173.194.44.20","TCP","56","36726  >  443 [ACK] Seq=1362 Ack=50364 Win=65320 Len=0"
"240","80.823247246","173.194.44.20","10.0.2.15","TLSv1.2","2751","Application Data, Application Data"
"241","80.823262509","10.0.2.15","173.194.44.20","TCP","56","36726  >  443 [ACK] Seq=1362 Ack=53059 Win=65320 Len=0"
"242","80.839325580","10.0.2.15","173.194.44.20","TLSv1.2","363","Application Data"
"243","80.839888400","173.194.44.20","10.0.2.15","TCP","62","443  >  36726 [ACK] Seq=53059 Ack=1669 Win=65535 Len=0"
"244","80.840181153","10.0.2.15","173.194.44.20","TLSv1.2","98","Application Data"
"245","80.840454979","173.194.44.20","10.0.2.15","TCP","62","443  >  36726 [ACK] Seq=53059 Ack=1711 Win=65535 Len=0"
"246","80.840995645","10.0.2.15","173.194.44.20","TLSv1.2","146","Application Data"
"247","80.841284596","173.194.44.20","10.0.2.15","TCP","62","443  >  36726 [ACK] Seq=53059 Ack=1801 Win=65535 Len=0"
"248","80.841718324","10.0.2.15","173.194.44.20","TLSv1.2","98","Application Data"
"249","80.842003771","173.194.44.20","10.0.2.15","TCP","62","443  >  36726 [ACK] Seq=53059 Ack=1843 Win=65535 Len=0"
"250","80.848843083","10.0.2.15","74.125.232.184","TCP","76","36886  >  443 [SYN] Seq=0 Win=29200 Len=0 MSS=1460 SACK_PERM=1 TSval=1044624693 TSecr=0 WS=128"
"251","80.851704242","10.0.2.15","173.194.44.63","TCP","76","51176  >  443 [SYN] Seq=0 Win=29200 Len=0 MSS=1460 SACK_PERM=1 TSval=2823855179 TSecr=0 WS=128"
"252","80.871073175","74.125.232.184","10.0.2.15","TCP","62","443  >  36886 [SYN, ACK] Seq=0 Ack=1 Win=65535 Len=0 MSS=1460"
"253","80.871156436","10.0.2.15","74.125.232.184","TCP","56","36886  >  443 [ACK] Seq=1 Ack=1 Win=29200 Len=0"
"254","80.872142960","173.194.44.63","10.0.2.15","TCP","62","443  >  51176 [SYN, ACK] Seq=0 Ack=1 Win=65535 Len=0 MSS=1460"
"255","80.872180840","10.0.2.15","173.194.44.63","TCP","56","51176  >  443 [ACK] Seq=1 Ack=1 Win=29200 Len=0"
"256","80.874561000","173.194.44.20","10.0.2.15","TLSv1.2","1465","Application Data"
"257","80.874754592","173.194.44.20","10.0.2.15","TLSv1.2","1465","Application Data"
"258","80.874780087","10.0.2.15","173.194.44.20","TCP","56","36726  >  443 [ACK] Seq=1843 Ack=55877 Win=65320 Len=0"
"259","80.874836339","173.194.44.20","10.0.2.15","TLSv1.2","1508","Application Data"
"260","80.874848375","10.0.2.15","173.194.44.20","TCP","56","36726  >  443 [ACK] Seq=1843 Ack=57329 Win=65320 Len=0"
"261","80.875233196","173.194.44.20","10.0.2.15","TLSv1.2","1508","Application Data [TCP segment of a reassembled PDU]"
"262","80.875296599","10.0.2.15","173.194.44.20","TCP","56","36726  >  443 [ACK] Seq=1843 Ack=58781 Win=65320 Len=0"
"263","80.876082452","173.194.44.20","10.0.2.15","TLSv1.2","1379","Application Data"
"264","80.876103899","173.194.44.20","10.0.2.15","TLSv1.2","1508","Application Data"
"265","80.876115189","10.0.2.15","173.194.44.20","TCP","56","36726  >  443 [ACK] Seq=1843 Ack=61556 Win=65320 Len=0"
"266","80.876161549","173.194.44.20","10.0.2.15","TLSv1.2","1508","Application Data [TCP segment of a reassembled PDU]"
"267","80.876173151","10.0.2.15","173.194.44.20","TCP","56","36726  >  443 [ACK] Seq=1843 Ack=63008 Win=65320 Len=0"
"268","80.877952978","173.194.44.20","10.0.2.15","TLSv1.2","1508","Application Data [TCP segment of a reassembled PDU]"
"269","80.877984097","10.0.2.15","173.194.44.20","TCP","56","36726  >  443 [ACK] Seq=1843 Ack=64460 Win=65320 Len=0"
"270","80.878094173","173.194.44.20","10.0.2.15","TLSv1.2","1508","Application Data [TCP segment of a reassembled PDU]"
"271","80.878106737","10.0.2.15","173.194.44.20","TCP","56","36726  >  443 [ACK] Seq=1843 Ack=65912 Win=65320 Len=0"
"272","80.878147827","173.194.44.20","10.0.2.15","TLSv1.2","1508","Application Data [TCP segment of a reassembled PDU]"
"273","80.878159106","10.0.2.15","173.194.44.20","TCP","56","36726  >  443 [ACK] Seq=1843 Ack=67364 Win=65320 Len=0"
"274","80.878198303","173.194.44.20","10.0.2.15","TLSv1.2","1508","Application Data, Application Data, Application Data"
"275","80.878208277","10.0.2.15","173.194.44.20","TCP","56","36726  >  443 [ACK] Seq=1843 Ack=68816 Win=65320 Len=0"
"276","80.878865918","173.194.44.20","10.0.2.15","TLSv1.2","268","Application Data, Application Data"
"277","80.900843146","10.0.2.15","74.125.232.184","TLSv1.2","573","Client Hello"
"278","80.901700684","74.125.232.184","10.0.2.15","TCP","62","443  >  36886 [ACK] Seq=1 Ack=518 Win=65535 Len=0"
"279","80.902185282","173.194.44.20","10.0.2.15","TLSv1.2","1476","Application Data"
"280","80.902222639","10.0.2.15","173.194.44.20","TCP","56","36726  >  443 [ACK] Seq=1843 Ack=70448 Win=65320 Len=0"
"281","80.902661947","173.194.44.20","10.0.2.15","TLSv1.2","1454","Application Data"
"282","80.902679537","173.194.44.20","10.0.2.15","TLSv1.2","2960","Application Data, Application Data"
"283","80.902691427","10.0.2.15","173.194.44.20","TCP","56","36726  >  443 [ACK] Seq=1843 Ack=74750 Win=65320 Len=0"
"284","80.903368318","173.194.44.20","10.0.2.15","TLSv1.2","2831","Application Data, Application Data"
"285","80.903384268","10.0.2.15","173.194.44.20","TCP","56","36726  >  443 [ACK] Seq=1843 Ack=77525 Win=65320 Len=0"
"286","80.903980896","173.194.44.20","10.0.2.15","TLSv1.2","1508","Application Data [TCP segment of a reassembled PDU]"
"287","80.903992699","10.0.2.15","173.194.44.20","TCP","56","36726  >  443 [ACK] Seq=1843 Ack=78977 Win=65320 Len=0"
"288","80.904413249","173.194.44.20","10.0.2.15","TLSv1.2","2960","Application Data, Application Data"
"289","80.904434494","10.0.2.15","173.194.44.20","TCP","56","36726  >  443 [ACK] Seq=1843 Ack=81881 Win=65320 Len=0"
"290","80.905285620","173.194.44.20","10.0.2.15","TLSv1.2","1508","Application Data [TCP segment of a reassembled PDU]"
"291","80.905323433","10.0.2.15","173.194.44.20","TCP","56","36726  >  443 [ACK] Seq=1843 Ack=83333 Win=65320 Len=0"
"292","80.905406414","173.194.44.20","10.0.2.15","TLSv1.2","1508","Application Data [TCP segment of a reassembled PDU]"
"293","80.905422772","10.0.2.15","173.194.44.20","TCP","56","36726  >  443 [ACK] Seq=1843 Ack=84785 Win=65320 Len=0"
"294","80.906226471","173.194.44.20","10.0.2.15","TLSv1.2","1508","Application Data [TCP segment of a reassembled PDU]"
"295","80.906264022","10.0.2.15","173.194.44.20","TCP","56","36726  >  443 [ACK] Seq=1843 Ack=86237 Win=65320 Len=0"
"296","80.906335459","173.194.44.20","10.0.2.15","TLSv1.2","1508","Application Data [TCP segment of a reassembled PDU]"
"297","80.906364419","10.0.2.15","173.194.44.20","TCP","56","36726  >  443 [ACK] Seq=1843 Ack=87689 Win=65320 Len=0"
"298","80.907060386","173.194.44.20","10.0.2.15","TLSv1.2","1508","Application Data [TCP segment of a reassembled PDU]"
"299","80.907078551","10.0.2.15","173.194.44.20","TCP","56","36726  >  443 [ACK] Seq=1843 Ack=89141 Win=65320 Len=0"
"300","80.907120663","173.194.44.20","10.0.2.15","TLSv1.2","1508","Application Data [TCP segment of a reassembled PDU]"
"301","80.907130097","10.0.2.15","173.194.44.20","TCP","56","36726  >  443 [ACK] Seq=1843 Ack=90593 Win=65320 Len=0"
"302","80.907945383","173.194.44.20","10.0.2.15","TLSv1.2","1508","Application Data [TCP segment of a reassembled PDU]"
"303","80.907989855","10.0.2.15","173.194.44.20","TCP","56","36726  >  443 [ACK] Seq=1843 Ack=92045 Win=65320 Len=0"
"304","80.908108943","173.194.44.20","10.0.2.15","TLSv1.2","1508","Application Data, Application Data"
"305","80.908121178","10.0.2.15","173.194.44.20","TCP","56","36726  >  443 [ACK] Seq=1843 Ack=93497 Win=65320 Len=0"
"306","80.908715540","173.194.44.20","10.0.2.15","TLSv1.2","1508","Application Data [TCP segment of a reassembled PDU]"
"307","80.908738102","10.0.2.15","173.194.44.20","TCP","56","36726  >  443 [ACK] Seq=1843 Ack=94949 Win=65320 Len=0"
"308","80.908887674","173.194.44.20","10.0.2.15","TLSv1.2","1508","Application Data [TCP segment of a reassembled PDU]"
"309","80.908899899","10.0.2.15","173.194.44.20","TCP","56","36726  >  443 [ACK] Seq=1843 Ack=96401 Win=65320 Len=0"
"310","80.910040532","173.194.44.20","10.0.2.15","TLSv1.2","2960","Application Data, Application Data"
"311","80.910093758","10.0.2.15","173.194.44.20","TCP","56","36726  >  443 [ACK] Seq=1843 Ack=99305 Win=65320 Len=0"
"312","80.910911957","173.194.44.20","10.0.2.15","TLSv1.2","2960","Application Data, Application Data"
"313","80.910933965","10.0.2.15","173.194.44.20","TCP","56","36726  >  443 [ACK] Seq=1843 Ack=102209 Win=65320 Len=0"
"314","80.911062481","10.0.2.15","173.194.44.63","TLSv1.2","573","Client Hello"
"315","80.911409705","173.194.44.63","10.0.2.15","TCP","62","443  >  51176 [ACK] Seq=1 Ack=518 Win=65535 Len=0"
"316","80.912207117","173.194.44.20","10.0.2.15","TLSv1.2","2960","Application Data, Application Data"
"317","80.912243733","10.0.2.15","173.194.44.20","TCP","56","36726  >  443 [ACK] Seq=1843 Ack=105113 Win=65320 Len=0"
"318","80.912506242","173.194.44.20","10.0.2.15","TLSv1.2","2547","Application Data, Application Data, Application Data"
"319","80.912520099","10.0.2.15","173.194.44.20","TCP","56","36726  >  443 [ACK] Seq=1843 Ack=107604 Win=65320 Len=0"
"320","80.924910413","10.0.2.15","173.194.44.20","TLSv1.2","154","Application Data"
"321","80.925165679","10.0.2.15","74.125.232.184","TCP","56","36886  >  443 [FIN, ACK] Seq=518 Ack=1 Win=29200 Len=0"
"322","80.925580288","173.194.44.20","10.0.2.15","TCP","62","443  >  36726 [ACK] Seq=107604 Ack=1941 Win=65535 Len=0"
"323","80.925614910","74.125.232.184","10.0.2.15","TCP","62","443  >  36886 [ACK] Seq=1 Ack=519 Win=65535 Len=0"
"324","80.926034001","10.0.2.15","173.194.44.20","TLSv1.2","102","Application Data"
"325","80.926408766","173.194.44.20","10.0.2.15","TCP","62","443  >  36726 [ACK] Seq=107604 Ack=1987 Win=65535 Len=0"
"326","80.937294328","74.125.232.184","10.0.2.15","TLSv1.2","1508","Server Hello"
"327","80.937363587","10.0.2.15","74.125.232.184","TCP","56","36886  >  443 [RST] Seq=519 Win=0 Len=0"
"328","80.938240090","74.125.232.184","10.0.2.15","TCP","1476","443  >  36886 [ACK] Seq=1453 Ack=519 Win=65535 Len=1420 [TCP segment of a reassembled PDU]"
"329","80.938268922","10.0.2.15","74.125.232.184","TCP","56","36886  >  443 [RST] Seq=519 Win=0 Len=0"
"330","80.938503782","74.125.232.184","10.0.2.15","TCP","62","443  >  36886 [RST, ACK] Seq=4164663295 Ack=519 Win=0 Len=0"
"331","80.941428087","10.0.2.15","173.194.44.20","TLSv1.2","98","Application Data"
"332","80.941728265","10.0.2.15","173.194.44.63","TCP","56","51176  >  443 [FIN, ACK] Seq=518 Ack=1 Win=29200 Len=0"
"333","80.942094260","173.194.44.20","10.0.2.15","TCP","62","443  >  36726 [ACK] Seq=107604 Ack=2029 Win=65535 Len=0"
"334","80.942131392","173.194.44.63","10.0.2.15","TCP","62","443  >  51176 [ACK] Seq=1 Ack=519 Win=65535 Len=0"
"335","80.948250212","173.194.44.63","10.0.2.15","TLSv1.2","1508","Server Hello"
"336","80.948316107","10.0.2.15","173.194.44.63","TCP","56","51176  >  443 [RST] Seq=519 Win=0 Len=0"
"337","80.948380330","173.194.44.63","10.0.2.15","TCP","1476","443  >  51176 [ACK] Seq=1453 Ack=519 Win=65535 Len=1420 [TCP segment of a reassembled PDU]"
"338","80.948391871","10.0.2.15","173.194.44.63","TCP","56","51176  >  443 [RST] Seq=519 Win=0 Len=0"
"339","80.951274627","173.194.44.63","10.0.2.15","TCP","62","443  >  51176 [RST, ACK] Seq=4164599295 Ack=519 Win=0 Len=0"
"340","80.960297961","173.194.44.20","10.0.2.15","TLSv1.2","1570","Application Data, Application Data"
"341","80.960354948","10.0.2.15","173.194.44.20","TCP","56","36726  >  443 [ACK] Seq=2029 Ack=109118 Win=65320 Len=0"
"342","80.960640310","173.194.44.20","10.0.2.15","TLSv1.2","1508","Application Data"
"343","80.960664040","10.0.2.15","173.194.44.20","TCP","56","36726  >  443 [ACK] Seq=2029 Ack=110570 Win=65320 Len=0"
"344","80.960716156","173.194.44.20","10.0.2.15","TLSv1.2","1508","Application Data [TCP segment of a reassembled PDU]"
"345","80.960727986","10.0.2.15","173.194.44.20","TCP","56","36726  >  443 [ACK] Seq=2029 Ack=112022 Win=65320 Len=0"
"346","80.961658832","173.194.44.20","10.0.2.15","TLSv1.2","1379","Application Data"
"347","80.961922711","173.194.44.20","10.0.2.15","TLSv1.2","1508","Application Data"
"348","80.961942014","10.0.2.15","173.194.44.20","TCP","56","36726  >  443 [ACK] Seq=2029 Ack=114797 Win=65320 Len=0"
"349","80.962224078","173.194.44.20","10.0.2.15","TLSv1.2","1508","Application Data [TCP segment of a reassembled PDU]"
"350","80.962239531","10.0.2.15","173.194.44.20","TCP","56","36726  >  443 [ACK] Seq=2029 Ack=116249 Win=65320 Len=0"
"351","80.962335003","173.194.44.20","10.0.2.15","TLSv1.2","1508","Application Data [TCP segment of a reassembled PDU]"
"352","80.962349817","10.0.2.15","173.194.44.20","TCP","56","36726  >  443 [ACK] Seq=2029 Ack=117701 Win=65320 Len=0"
"353","80.962594592","173.194.44.20","10.0.2.15","TLSv1.2","1508","Application Data [TCP segment of a reassembled PDU]"
"354","80.962610228","10.0.2.15","173.194.44.20","TCP","56","36726  >  443 [ACK] Seq=2029 Ack=119153 Win=65320 Len=0"
"355","80.963210338","173.194.44.20","10.0.2.15","TLSv1.2","1508","Application Data [TCP segment of a reassembled PDU]"
"356","80.963237855","10.0.2.15","173.194.44.20","TCP","56","36726  >  443 [ACK] Seq=2029 Ack=120605 Win=65320 Len=0"
"357","80.963359811","173.194.44.20","10.0.2.15","TLSv1.2","1508","Application Data [TCP segment of a reassembled PDU]"
"358","80.963382245","10.0.2.15","173.194.44.20","TCP","56","36726  >  443 [ACK] Seq=2029 Ack=122057 Win=65320 Len=0"
"359","80.964292591","173.194.44.20","10.0.2.15","TLSv1.2","2960","Application Data, Application Data, Application Data, Application Data"
"360","80.964374022","10.0.2.15","173.194.44.20","TCP","56","36726  >  443 [ACK] Seq=2029 Ack=124961 Win=65320 Len=0"
"361","80.964864489","173.194.44.20","10.0.2.15","TLSv1.2","69","Application Data"
"362","80.965071630","10.0.2.15","173.194.44.20","TLSv1.2","102","Application Data"
"363","80.965476519","173.194.44.20","10.0.2.15","TCP","62","443  >  36726 [ACK] Seq=124974 Ack=2075 Win=65535 Len=0"
"364","81.002422684","10.0.2.15","192.168.0.1","DNS","75","Standard query 0x7ff1 A id.google.com"
"365","81.002608665","10.0.2.15","192.168.0.1","DNS","75","Standard query 0x3b04 AAAA id.google.com"
"366","81.009684932","192.168.0.1","10.0.2.15","DNS","158","Standard query response 0x7ff1 A id.google.com CNAME id.l.google.com A 173.194.44.63 A 173.194.44.47 A 173.194.44.56 A 173.194.44.55"
"367","81.010647881","192.168.0.1","10.0.2.15","DNS","122","Standard query response 0x3b04 AAAA id.google.com CNAME id.l.google.com AAAA 2a00:1450:4011:80a::1018"
"368","81.012674135","10.0.2.15","173.194.44.63","TCP","76","51178  >  443 [SYN] Seq=0 Win=29200 Len=0 MSS=1460 SACK_PERM=1 TSval=2823855340 TSecr=0 WS=128"
"369","81.033433124","173.194.44.63","10.0.2.15","TCP","62","443  >  51178 [SYN, ACK] Seq=0 Ack=1 Win=65535 Len=0 MSS=1460"
"370","81.033524101","10.0.2.15","173.194.44.63","TCP","56","51178  >  443 [ACK] Seq=1 Ack=1 Win=29200 Len=0"
"371","81.039438204","10.0.2.15","173.194.44.63","TLSv1.2","573","Client Hello"
"372","81.040638669","173.194.44.63","10.0.2.15","TCP","62","443  >  51178 [ACK] Seq=1 Ack=518 Win=65535 Len=0"
"373","81.078406896","173.194.44.63","10.0.2.15","TLSv1.2","1508","Server Hello"
"374","81.078452165","10.0.2.15","173.194.44.63","TCP","56","51178  >  443 [ACK] Seq=518 Ack=1453 Win=31240 Len=0"
"375","81.078575335","173.194.44.63","10.0.2.15","TCP","1476","443  >  51178 [ACK] Seq=1453 Ack=518 Win=65535 Len=1420 [TCP segment of a reassembled PDU]"
"376","81.078595418","10.0.2.15","173.194.44.63","TCP","56","51178  >  443 [ACK] Seq=518 Ack=2873 Win=34080 Len=0"
"377","81.078763349","173.194.44.63","10.0.2.15","TLSv1.2","592","Certificate, Server Key Exchange, Server Hello Done"
"378","81.078777824","10.0.2.15","173.194.44.63","TCP","56","51178  >  443 [ACK] Seq=518 Ack=3409 Win=36920 Len=0"
"379","81.100479774","10.0.2.15","173.194.44.63","TLSv1.2","149","Client Key Exchange, Change Cipher Spec, Encrypted Handshake Message"
"380","81.101122385","173.194.44.63","10.0.2.15","TCP","62","443  >  51178 [ACK] Seq=3409 Ack=611 Win=65535 Len=0"
"381","81.104354554","10.0.2.15","173.194.44.23","OCSP","489","Request"
"382","81.104900055","173.194.44.23","10.0.2.15","TCP","62","80  >  39590 [ACK] Seq=714 Ack=867 Win=65535 Len=0"
"383","81.141732595","173.194.44.63","10.0.2.15","TLSv1.2","409","New Session Ticket, Change Cipher Spec, Encrypted Handshake Message, Application Data"
"384","81.141798470","173.194.44.23","10.0.2.15","OCSP","769","Response"
"385","81.141823583","10.0.2.15","173.194.44.23","TCP","56","39590  >  80 [ACK] Seq=867 Ack=1427 Win=31372 Len=0"
"386","81.145603498","10.0.2.15","173.194.44.63","TLSv1.2","233","Application Data"
"387","81.145781309","10.0.2.15","173.194.44.63","TLSv1.2","505","Application Data"
"388","81.145911098","10.0.2.15","173.194.44.63","TLSv1.2","94","Application Data"
"389","81.146211701","173.194.44.63","10.0.2.15","TCP","62","443  >  51178 [ACK] Seq=3762 Ack=788 Win=65535 Len=0"
"390","81.146241947","173.194.44.63","10.0.2.15","TCP","62","443  >  51178 [ACK] Seq=3762 Ack=1237 Win=65535 Len=0"
"391","81.146383110","173.194.44.63","10.0.2.15","TCP","62","443  >  51178 [ACK] Seq=3762 Ack=1275 Win=65535 Len=0"
"392","81.180471929","173.194.44.63","10.0.2.15","TLSv1.2","94","Application Data"
"393","81.194299032","173.194.44.63","10.0.2.15","TLSv1.2","810","Application Data, Application Data, Application Data"
"394","81.194979905","10.0.2.15","173.194.44.63","TCP","56","51178  >  443 [ACK] Seq=1275 Ack=4554 Win=42600 Len=0"
"395","81.195146627","10.0.2.15","173.194.44.63","TLSv1.2","102","Application Data"
"396","81.195460989","173.194.44.63","10.0.2.15","TCP","62","443  >  51178 [ACK] Seq=4554 Ack=1321 Win=65535 Len=0"
"397","81.242700508","10.0.2.15","173.194.44.20","TLSv1.2","504","Application Data"
"398","81.243652778","173.194.44.20","10.0.2.15","TCP","62","443  >  36726 [ACK] Seq=124974 Ack=2523 Win=65535 Len=0"
"399","81.276697689","173.194.44.20","10.0.2.15","TLSv1.2","1641","Application Data, Application Data"
"400","81.276765810","10.0.2.15","173.194.44.20","TCP","56","36726  >  443 [ACK] Seq=2523 Ack=126559 Win=65320 Len=0"
"401","81.276814055","173.194.44.20","10.0.2.15","TLSv1.2","1508","Application Data"
"402","81.276829713","10.0.2.15","173.194.44.20","TCP","56","36726  >  443 [ACK] Seq=2523 Ack=128011 Win=65320 Len=0"
"403","81.277023487","173.194.44.20","10.0.2.15","TLSv1.2","1508","Application Data [TCP segment of a reassembled PDU]"
"404","81.277044054","10.0.2.15","173.194.44.20","TCP","56","36726  >  443 [ACK] Seq=2523 Ack=129463 Win=65320 Len=0"
"405","81.277597886","173.194.44.20","10.0.2.15","TLSv1.2","1379","Application Data"
"406","81.277904079","173.194.44.20","10.0.2.15","TLSv1.2","1508","Application Data"
"407","81.277924572","10.0.2.15","173.194.44.20","TCP","56","36726  >  443 [ACK] Seq=2523 Ack=132238 Win=65320 Len=0"
"408","81.278322439","173.194.44.20","10.0.2.15","TLSv1.2","1508","Application Data [TCP segment of a reassembled PDU]"
"409","81.278336409","10.0.2.15","173.194.44.20","TCP","56","36726  >  443 [ACK] Seq=2523 Ack=133690 Win=65320 Len=0"
"410","81.278793966","173.194.44.20","10.0.2.15","TLSv1.2","1508","Application Data [TCP segment of a reassembled PDU]"
"411","81.278814619","10.0.2.15","173.194.44.20","TCP","56","36726  >  443 [ACK] Seq=2523 Ack=135142 Win=65535 Len=0"
"412","81.279096882","173.194.44.20","10.0.2.15","TLSv1.2","1508","Application Data [TCP segment of a reassembled PDU]"
"413","81.279111786","10.0.2.15","173.194.44.20","TCP","56","36726  >  443 [ACK] Seq=2523 Ack=136594 Win=65535 Len=0"
"414","81.279651500","173.194.44.20","10.0.2.15","TLSv1.2","1508","Application Data [TCP segment of a reassembled PDU]"
"415","81.279669648","10.0.2.15","173.194.44.20","TCP","56","36726  >  443 [ACK] Seq=2523 Ack=138046 Win=65535 Len=0"
"416","81.279819228","173.194.44.20","10.0.2.15","TLSv1.2","1508","Application Data [TCP segment of a reassembled PDU]"
"417","81.279832087","10.0.2.15","173.194.44.20","TCP","56","36726  >  443 [ACK] Seq=2523 Ack=139498 Win=65535 Len=0"
"418","81.280858246","173.194.44.20","10.0.2.15","TLSv1.2","1508","Application Data [TCP segment of a reassembled PDU]"
"419","81.280885079","10.0.2.15","173.194.44.20","TCP","56","36726  >  443 [ACK] Seq=2523 Ack=140950 Win=65535 Len=0"
"420","81.280970539","173.194.44.20","10.0.2.15","TLSv1.2","1508","Application Data [TCP segment of a reassembled PDU]"
"421","81.280987296","10.0.2.15","173.194.44.20","TCP","56","36726  >  443 [ACK] Seq=2523 Ack=142402 Win=65535 Len=0"
"422","81.281304050","173.194.44.20","10.0.2.15","TLSv1.2","2960","Application Data, Application Data"
"423","81.281325468","10.0.2.15","173.194.44.20","TCP","56","36726  >  443 [ACK] Seq=2523 Ack=145306 Win=65535 Len=0"
"424","81.282054823","173.194.44.20","10.0.2.15","TLSv1.2","1508","Application Data [TCP segment of a reassembled PDU]"
"425","81.282080159","10.0.2.15","173.194.44.20","TCP","56","36726  >  443 [ACK] Seq=2523 Ack=146758 Win=65535 Len=0"
"426","81.282185210","173.194.44.20","10.0.2.15","TLSv1.2","1508","Application Data [TCP segment of a reassembled PDU]"
"427","81.282196171","10.0.2.15","173.194.44.20","TCP","56","36726  >  443 [ACK] Seq=2523 Ack=148210 Win=65535 Len=0"
"428","81.282911893","173.194.44.20","10.0.2.15","TLSv1.2","2960","Application Data, Application Data"
"429","81.282941553","10.0.2.15","173.194.44.20","TCP","56","36726  >  443 [ACK] Seq=2523 Ack=151114 Win=65535 Len=0"
"430","81.283707174","173.194.44.20","10.0.2.15","TLSv1.2","2960","Application Data, Application Data"
"431","81.283749285","10.0.2.15","173.194.44.20","TCP","56","36726  >  443 [ACK] Seq=2523 Ack=154018 Win=65535 Len=0"
"432","81.284807550","173.194.44.20","10.0.2.15","TLSv1.2","2960","Application Data, Application Data"
"433","81.284837004","10.0.2.15","173.194.44.20","TCP","56","36726  >  443 [ACK] Seq=2523 Ack=156922 Win=65535 Len=0"
"434","81.285620311","173.194.44.20","10.0.2.15","TLSv1.2","2960","Application Data, Application Data"
"435","81.285653573","10.0.2.15","173.194.44.20","TCP","56","36726  >  443 [ACK] Seq=2523 Ack=159826 Win=65535 Len=0"
"436","81.286754146","173.194.44.20","10.0.2.15","TLSv1.2","5864","Application Data, Application Data, Application Data, Application Data"
"437","81.286782220","10.0.2.15","173.194.44.20","TCP","56","36726  >  443 [ACK] Seq=2523 Ack=165634 Win=65535 Len=0"
"438","81.287651473","173.194.44.20","10.0.2.15","TLSv1.2","2960","Application Data, Application Data, Application Data"
"439","81.287684765","10.0.2.15","173.194.44.20","TCP","56","36726  >  443 [ACK] Seq=2523 Ack=168538 Win=65535 Len=0"
"440","81.290854099","173.194.44.20","10.0.2.15","TLSv1.2","11672","Application Data, Application Data, Application Data, Application Data, Application Data, Application Data, Application Data, Application Data"
"441","81.290904186","10.0.2.15","173.194.44.20","TCP","56","36726  >  443 [ACK] Seq=2523 Ack=180154 Win=65535 Len=0"
"442","81.291551702","173.194.44.20","10.0.2.15","TLSv1.2","2960","Application Data, Application Data"
"443","81.291572289","10.0.2.15","173.194.44.20","TCP","56","36726  >  443 [ACK] Seq=2523 Ack=183058 Win=65535 Len=0"
"444","81.407651638","10.0.2.15","173.194.44.20","TLSv1.2","229","Application Data"
"445","81.407892042","10.0.2.15","173.194.44.20","TLSv1.2","94","Application Data"
"446","81.408764113","173.194.44.20","10.0.2.15","TCP","62","443  >  36726 [ACK] Seq=183058 Ack=2696 Win=65535 Len=0"
"447","81.408792043","173.194.44.20","10.0.2.15","TCP","62","443  >  36726 [ACK] Seq=183058 Ack=2734 Win=65535 Len=0"
"448","81.570071814","173.194.44.20","10.0.2.15","TLSv1.2","36976","Application Data, Application Data, Application Data, Application Data, Application Data, Application Data, Application Data, Application Data, Application Data, Application Data, Application Data, Application Data, Application Data, Application Data, Application Data, Application Data, Application Data, Application Data, Application Data, Application Data, Application Data, Application Data, Application Data, Application Data, Application Data, Application Data"
"449","81.570166362","10.0.2.15","173.194.44.20","TCP","56","36726  >  443 [ACK] Seq=2734 Ack=219978 Win=65535 Len=0"
"450","81.570353599","173.194.44.20","10.0.2.15","TLSv1.2","28456","Application Data, Application Data, Application Data, Application Data, Application Data, Application Data, Application Data, Application Data, Application Data, Application Data, Application Data, Application Data, Application Data, Application Data, Application Data, Application Data, Application Data, Application Data, Application Data, Application Data, Application Data"
"451","81.570393570","10.0.2.15","173.194.44.20","TCP","56","36726  >  443 [ACK] Seq=2734 Ack=248378 Win=65535 Len=0"
"452","81.570434552","173.194.44.20","10.0.2.15","TCP","436","443  >  36726 [PSH, ACK] Seq=248378 Ack=2734 Win=65535 Len=380 [TCP segment of a reassembled PDU]"
"453","81.570570270","173.194.44.20","10.0.2.15","TLSv1.2","916","Application Data [TCP segment of a reassembled PDU]"
"454","81.573694819","10.0.2.15","173.194.44.20","TCP","56","36726  >  443 [ACK] Seq=2734 Ack=249618 Win=65535 Len=0"
"455","81.588739984","173.194.44.20","10.0.2.15","TLSv1.2","1508","Application Data [TCP segment of a reassembled PDU]"
"456","81.588791796","10.0.2.15","173.194.44.20","TCP","56","36726  >  443 [ACK] Seq=2734 Ack=251070 Win=65535 Len=0"
"457","81.589627119","173.194.44.20","10.0.2.15","TLSv1.2","4412","Application Data, Application Data, Application Data"
"458","81.589653007","10.0.2.15","173.194.44.20","TCP","56","36726  >  443 [ACK] Seq=2734 Ack=255426 Win=65535 Len=0"
"459","81.591322503","173.194.44.20","10.0.2.15","TLSv1.2","8768","Application Data, Application Data, Application Data, Application Data, Application Data, Application Data"
"460","81.591364435","10.0.2.15","173.194.44.20","TCP","56","36726  >  443 [ACK] Seq=2734 Ack=264138 Win=65535 Len=0"
"461","81.592209702","173.194.44.20","10.0.2.15","TLSv1.2","2960","Application Data, Application Data"
"462","81.592234581","10.0.2.15","173.194.44.20","TCP","56","36726  >  443 [ACK] Seq=2734 Ack=267042 Win=65535 Len=0"
"463","81.593014640","173.194.44.20","10.0.2.15","TLSv1.2","2160","Application Data, Application Data, Application Data, Application Data, Application Data"
"464","81.593035399","10.0.2.15","173.194.44.20","TCP","56","36726  >  443 [ACK] Seq=2734 Ack=269146 Win=65535 Len=0"
"465","81.597384546","10.0.2.15","173.194.44.20","TLSv1.2","102","Application Data"
"466","81.597979409","173.194.44.20","10.0.2.15","TCP","62","443  >  36726 [ACK] Seq=269146 Ack=2780 Win=65535 Len=0"
"467","81.982632120","10.0.2.15","173.194.44.20","TLSv1.2","482","Application Data"
"468","81.983208616","173.194.44.20","10.0.2.15","TCP","62","443  >  36726 [ACK] Seq=269146 Ack=3206 Win=65535 Len=0"
"469","81.989587811","10.0.2.15","173.194.44.20","TLSv1.2","184","Application Data"
"470","81.990200466","173.194.44.20","10.0.2.15","TCP","62","443  >  36726 [ACK] Seq=269146 Ack=3334 Win=65535 Len=0"
"471","82.039700762","173.194.44.20","10.0.2.15","TLSv1.2","288","Application Data, Application Data, Application Data"
"472","82.040486357","10.0.2.15","173.194.44.20","TLSv1.2","102","Application Data"
"473","82.040873585","173.194.44.20","10.0.2.15","TCP","62","443  >  36726 [ACK] Seq=269378 Ack=3380 Win=65535 Len=0"
"474","82.062759419","173.194.44.20","10.0.2.15","TLSv1.2","163","Application Data"
"475","82.062830906","173.194.44.20","10.0.2.15","TLSv1.2","4369","Application Data, Application Data, Application Data"
"476","82.062859232","10.0.2.15","173.194.44.20","TCP","56","36726  >  443 [ACK] Seq=3380 Ack=273798 Win=65535 Len=0"
"477","82.066665007","173.194.44.20","10.0.2.15","TLSv1.2","12836","Application Data, Application Data, Application Data, Application Data, Application Data, Application Data, Application Data, Application Data, Application Data"
"478","82.066737765","10.0.2.15","173.194.44.20","TCP","56","36726  >  443 [ACK] Seq=3380 Ack=286578 Win=65535 Len=0"
"479","82.066876343","173.194.44.20","10.0.2.15","TLSv1.2","3119","Application Data, Application Data"
"480","82.066889865","10.0.2.15","173.194.44.20","TCP","56","36726  >  443 [ACK] Seq=3380 Ack=289641 Win=65535 Len=0"
"481","82.067201193","173.194.44.20","10.0.2.15","TLSv1.2","1508","Application Data [TCP segment of a reassembled PDU]"
"482","82.067214598","10.0.2.15","173.194.44.20","TCP","56","36726  >  443 [ACK] Seq=3380 Ack=291093 Win=65535 Len=0"
"483","82.067255745","173.194.44.20","10.0.2.15","TLSv1.2","1508","Application Data, Application Data"
"484","82.067265375","10.0.2.15","173.194.44.20","TCP","56","36726  >  443 [ACK] Seq=3380 Ack=292545 Win=65535 Len=0"
"485","82.069198865","173.194.44.20","10.0.2.15","TLSv1.2","8768","Application Data, Application Data, Application Data, Application Data, Application Data, Application Data"
"486","82.069247600","10.0.2.15","173.194.44.20","TCP","56","36726  >  443 [ACK] Seq=3380 Ack=301257 Win=65535 Len=0"
"487","82.070392266","173.194.44.20","10.0.2.15","TLSv1.2","4412","Application Data, Application Data, Application Data"
"488","82.070427895","10.0.2.15","173.194.44.20","TCP","56","36726  >  443 [ACK] Seq=3380 Ack=305613 Win=65535 Len=0"
"489","82.071228652","173.194.44.20","10.0.2.15","TLSv1.2","4412","Application Data, Application Data, Application Data"
"490","82.071259902","10.0.2.15","173.194.44.20","TCP","56","36726  >  443 [ACK] Seq=3380 Ack=309969 Win=65535 Len=0"
"491","82.071697839","173.194.44.20","10.0.2.15","TLSv1.2","2960","Application Data, Application Data"
"492","82.071723717","10.0.2.15","173.194.44.20","TCP","56","36726  >  443 [ACK] Seq=3380 Ack=312873 Win=65535 Len=0"
"493","82.072427071","173.194.44.20","10.0.2.15","TLSv1.2","1508","Application Data [TCP segment of a reassembled PDU]"
"494","82.072447748","10.0.2.15","173.194.44.20","TCP","56","36726  >  443 [ACK] Seq=3380 Ack=314325 Win=65535 Len=0"
"495","82.072663098","173.194.44.20","10.0.2.15","TLSv1.2","1508","Application Data [TCP segment of a reassembled PDU]"
"496","82.072680609","10.0.2.15","173.194.44.20","TCP","56","36726  >  443 [ACK] Seq=3380 Ack=315777 Win=65535 Len=0"
"497","82.072979601","173.194.44.20","10.0.2.15","TLSv1.2","1508","Application Data [TCP segment of a reassembled PDU]"
"498","82.072993881","10.0.2.15","173.194.44.20","TCP","56","36726  >  443 [ACK] Seq=3380 Ack=317229 Win=65535 Len=0"
"499","82.073057259","173.194.44.20","10.0.2.15","TLSv1.2","1508","Application Data [TCP segment of a reassembled PDU]"
"500","82.073070890","10.0.2.15","173.194.44.20","TCP","56","36726  >  443 [ACK] Seq=3380 Ack=318681 Win=65535 Len=0"
"501","82.073604783","173.194.44.20","10.0.2.15","TLSv1.2","1508","Application Data [TCP segment of a reassembled PDU]"
"502","82.073774920","173.194.44.20","10.0.2.15","TLSv1.2","1508","Application Data [TCP segment of a reassembled PDU]"
"503","82.073870850","10.0.2.15","173.194.44.20","TCP","56","36726  >  443 [ACK] Seq=3380 Ack=320133 Win=65535 Len=0"
"504","82.074011951","10.0.2.15","173.194.44.20","TCP","56","36726  >  443 [ACK] Seq=3380 Ack=321585 Win=65535 Len=0"
"505","82.074624563","173.194.44.20","10.0.2.15","TLSv1.2","2960","Application Data, Application Data"
"506","82.074640671","10.0.2.15","173.194.44.20","TCP","56","36726  >  443 [ACK] Seq=3380 Ack=324489 Win=65535 Len=0"
"507","82.074898737","173.194.44.20","10.0.2.15","TLSv1.2","1508","Application Data [TCP segment of a reassembled PDU]"
"508","82.074918151","10.0.2.15","173.194.44.20","TCP","56","36726  >  443 [ACK] Seq=3380 Ack=325941 Win=65535 Len=0"
"509","82.074975325","173.194.44.20","10.0.2.15","TLSv1.2","1508","Application Data [TCP segment of a reassembled PDU]"
"510","82.074986582","10.0.2.15","173.194.44.20","TCP","56","36726  >  443 [ACK] Seq=3380 Ack=327393 Win=65535 Len=0"
"511","82.075909380","173.194.44.20","10.0.2.15","TLSv1.2","1508","Application Data, Application Data"
"512","82.075932020","10.0.2.15","173.194.44.20","TCP","56","36726  >  443 [ACK] Seq=3380 Ack=328845 Win=65535 Len=0"
"513","82.076053597","173.194.44.20","10.0.2.15","TLSv1.2","1508","Application Data [TCP segment of a reassembled PDU]"
"514","82.076064599","10.0.2.15","173.194.44.20","TCP","56","36726  >  443 [ACK] Seq=3380 Ack=330297 Win=65535 Len=0"
"515","82.079952059","173.194.44.20","10.0.2.15","TLSv1.2","1508","Application Data [TCP segment of a reassembled PDU]"
"516","82.079996814","10.0.2.15","173.194.44.20","TCP","56","36726  >  443 [ACK] Seq=3380 Ack=331749 Win=65535 Len=0"
"517","82.082515087","173.194.44.20","10.0.2.15","TLSv1.2","4412","Application Data, Application Data, Application Data"
"518","82.082542327","10.0.2.15","173.194.44.20","TCP","56","36726  >  443 [ACK] Seq=3380 Ack=336105 Win=65535 Len=0"
"519","82.082619438","173.194.44.20","10.0.2.15","TLSv1.2","1508","Application Data [TCP segment of a reassembled PDU]"
"520","82.082632135","10.0.2.15","173.194.44.20","TCP","56","36726  >  443 [ACK] Seq=3380 Ack=337557 Win=65535 Len=0"
"521","82.082680756","173.194.44.20","10.0.2.15","TLSv1.2","10220","Application Data, Application Data, Application Data, Application Data, Application Data, Application Data, Application Data"
"522","82.082693663","10.0.2.15","173.194.44.20","TCP","56","36726  >  443 [ACK] Seq=3380 Ack=347721 Win=65535 Len=0"
"523","82.082734873","173.194.44.20","10.0.2.15","TLSv1.2","1508","Application Data [TCP segment of a reassembled PDU]"
"524","82.082745415","10.0.2.15","173.194.44.20","TCP","56","36726  >  443 [ACK] Seq=3380 Ack=349173 Win=65535 Len=0"
"525","82.082813966","173.194.44.20","10.0.2.15","TLSv1.2","2960","Application Data, Application Data"
"526","82.082829886","10.0.2.15","173.194.44.20","TCP","56","36726  >  443 [ACK] Seq=3380 Ack=352077 Win=65535 Len=0"
"527","82.082871069","173.194.44.20","10.0.2.15","TLSv1.2","1508","Application Data [TCP segment of a reassembled PDU]"
"528","82.082882263","10.0.2.15","173.194.44.20","TCP","56","36726  >  443 [ACK] Seq=3380 Ack=353529 Win=65535 Len=0"
"529","82.082923783","173.194.44.20","10.0.2.15","TLSv1.2","1508","Application Data [TCP segment of a reassembled PDU]"
"530","82.082933874","10.0.2.15","173.194.44.20","TCP","56","36726  >  443 [ACK] Seq=3380 Ack=354981 Win=65535 Len=0"
"531","82.085168284","173.194.44.20","10.0.2.15","TLSv1.2","2960","Application Data, Application Data"
"532","82.085202156","10.0.2.15","173.194.44.20","TCP","56","36726  >  443 [ACK] Seq=3380 Ack=357885 Win=65535 Len=0"
"533","82.085610965","173.194.44.20","10.0.2.15","TLSv1.2","987","Application Data, Application Data, Application Data"
"534","82.129542782","10.0.2.15","173.194.44.20","TCP","56","36726  >  443 [ACK] Seq=3380 Ack=358816 Win=65535 Len=0"
"535","82.239567264","10.0.2.15","173.194.44.20","TLSv1.2","197","Application Data"
"536","82.240177686","173.194.44.20","10.0.2.15","TCP","62","443  >  36726 [ACK] Seq=358816 Ack=3521 Win=65535 Len=0"
"537","82.296112253","173.194.44.20","10.0.2.15","TLSv1.2","197","Application Data"
"538","82.296157511","10.0.2.15","173.194.44.20","TCP","56","36726  >  443 [ACK] Seq=3521 Ack=358957 Win=65535 Len=0"
"539","82.296251918","173.194.44.20","10.0.2.15","TLSv1.2","3574","Application Data, Application Data, Application Data, Application Data, Application Data"
"540","82.296268913","10.0.2.15","173.194.44.20","TCP","56","36726  >  443 [ACK] Seq=3521 Ack=362475 Win=65535 Len=0"
"541","82.297038402","10.0.2.15","173.194.44.20","TLSv1.2","102","Application Data"
"542","82.297407679","173.194.44.20","10.0.2.15","TCP","62","443  >  36726 [ACK] Seq=362475 Ack=3567 Win=65535 Len=0"
"543","82.417649600","10.0.2.15","173.194.44.63","TLSv1.2","216","Application Data"
"544","82.418342127","173.194.44.63","10.0.2.15","TCP","62","443  >  51178 [ACK] Seq=4554 Ack=1481 Win=65535 Len=0"
"545","82.451544556","173.194.44.63","10.0.2.15","TLSv1.2","1697","Application Data, Application Data"
"546","82.451591923","10.0.2.15","173.194.44.63","TCP","56","51178  >  443 [ACK] Seq=1481 Ack=6195 Win=45440 Len=0"
"547","82.452555255","173.194.44.63","10.0.2.15","TLSv1.2","1508","Application Data"
"548","82.452585923","10.0.2.15","173.194.44.63","TCP","56","51178  >  443 [ACK] Seq=1481 Ack=7647 Win=49700 Len=0"
"549","82.453162486","173.194.44.63","10.0.2.15","TLSv1.2","1422","Application Data"
"550","82.466144183","173.194.44.63","10.0.2.15","TLSv1.2","2960","Application Data, Application Data"
"551","82.466220223","10.0.2.15","173.194.44.63","TCP","56","51178  >  443 [ACK] Seq=1481 Ack=11917 Win=58220 Len=0"
"552","82.466410510","173.194.44.63","10.0.2.15","TLSv1.2","2960","Application Data, Application Data"
"553","82.466426029","10.0.2.15","173.194.44.63","TCP","56","51178  >  443 [ACK] Seq=1481 Ack=14821 Win=63900 Len=0"
"554","82.468379474","173.194.44.63","10.0.2.15","TLSv1.2","1508","Application Data [TCP segment of a reassembled PDU]"
"555","82.468415192","10.0.2.15","173.194.44.63","TCP","56","51178  >  443 [ACK] Seq=1481 Ack=16273 Win=65320 Len=0"
"556","82.468626380","173.194.44.63","10.0.2.15","TLSv1.2","1508","Application Data [TCP segment of a reassembled PDU]"
"557","82.468639114","10.0.2.15","173.194.44.63","TCP","56","51178  >  443 [ACK] Seq=1481 Ack=17725 Win=65320 Len=0"
"558","82.471970625","173.194.44.63","10.0.2.15","TLSv1.2","1508","Application Data [TCP segment of a reassembled PDU]"
"559","82.472002952","10.0.2.15","173.194.44.63","TCP","56","51178  >  443 [ACK] Seq=1481 Ack=19177 Win=65320 Len=0"
"560","82.472275295","173.194.44.63","10.0.2.15","TLSv1.2","2960","Application Data, Application Data"
"561","82.472289432","10.0.2.15","173.194.44.63","TCP","56","51178  >  443 [ACK] Seq=1481 Ack=22081 Win=65320 Len=0"
"562","82.472421953","173.194.44.63","10.0.2.15","TLSv1.2","1508","Application Data [TCP segment of a reassembled PDU]"
"563","82.472434470","10.0.2.15","173.194.44.63","TCP","56","51178  >  443 [ACK] Seq=1481 Ack=23533 Win=65320 Len=0"
"564","82.473976520","173.194.44.63","10.0.2.15","TLSv1.2","1508","Application Data [TCP segment of a reassembled PDU]"
"565","82.473999757","10.0.2.15","173.194.44.63","TCP","56","51178  >  443 [ACK] Seq=1481 Ack=24985 Win=65320 Len=0"
"566","82.474219896","173.194.44.63","10.0.2.15","TLSv1.2","1508","Application Data [TCP segment of a reassembled PDU]"
"567","82.474232695","10.0.2.15","173.194.44.63","TCP","56","51178  >  443 [ACK] Seq=1481 Ack=26437 Win=65320 Len=0"
"568","82.475913489","173.194.44.63","10.0.2.15","TLSv1.2","2960","Application Data, Application Data"
"569","82.475936138","10.0.2.15","173.194.44.63","TCP","56","51178  >  443 [ACK] Seq=1481 Ack=29341 Win=65320 Len=0"
"570","82.477975317","173.194.44.63","10.0.2.15","TLSv1.2","2960","Application Data, Application Data"
"571","82.478016858","10.0.2.15","173.194.44.63","TCP","56","51178  >  443 [ACK] Seq=1481 Ack=32245 Win=65320 Len=0"
"572","82.479975612","173.194.44.63","10.0.2.15","TLSv1.2","2960","Application Data, Application Data"
"573","82.480010843","10.0.2.15","173.194.44.63","TCP","56","51178  >  443 [ACK] Seq=1481 Ack=35149 Win=65320 Len=0"
"574","82.481387787","173.194.44.63","10.0.2.15","TLSv1.2","1508","Application Data [TCP segment of a reassembled PDU]"
"575","82.481409100","10.0.2.15","173.194.44.63","TCP","56","51178  >  443 [ACK] Seq=1481 Ack=36601 Win=65320 Len=0"
"576","82.481581902","173.194.44.63","10.0.2.15","TLSv1.2","1508","Application Data [TCP segment of a reassembled PDU]"
"577","82.481594296","10.0.2.15","173.194.44.63","TCP","56","51178  >  443 [ACK] Seq=1481 Ack=38053 Win=65320 Len=0"
"578","82.487629982","173.194.44.63","10.0.2.15","TLSv1.2","1508","Application Data [TCP segment of a reassembled PDU]"
"579","82.487656059","10.0.2.15","173.194.44.63","TCP","56","51178  >  443 [ACK] Seq=1481 Ack=39505 Win=65320 Len=0"
"580","82.493263592","173.194.44.63","10.0.2.15","TLSv1.2","2960","Application Data, Application Data"
"581","82.493304616","10.0.2.15","173.194.44.63","TCP","56","51178  >  443 [ACK] Seq=1481 Ack=42409 Win=65320 Len=0"
"582","82.493997857","173.194.44.63","10.0.2.15","TLSv1.2","1508","Application Data [TCP segment of a reassembled PDU]"
"583","82.494020694","10.0.2.15","173.194.44.63","TCP","56","51178  >  443 [ACK] Seq=1481 Ack=43861 Win=65320 Len=0"
"584","82.494199701","173.194.44.63","10.0.2.15","TLSv1.2","1508","Application Data, Application Data"
"585","82.494212163","10.0.2.15","173.194.44.63","TCP","56","51178  >  443 [ACK] Seq=1481 Ack=45313 Win=65320 Len=0"
"586","82.496462486","173.194.44.63","10.0.2.15","TLSv1.2","2960","Application Data, Application Data"
"587","82.496538823","10.0.2.15","173.194.44.63","TCP","56","51178  >  443 [ACK] Seq=1481 Ack=48217 Win=65320 Len=0"
"588","82.497983753","173.194.44.63","10.0.2.15","TLSv1.2","2960","Application Data, Application Data"
"589","82.498008149","10.0.2.15","173.194.44.63","TCP","56","51178  >  443 [ACK] Seq=1481 Ack=51121 Win=65320 Len=0"
"590","82.498997675","173.194.44.63","10.0.2.15","TLSv1.2","1508","Application Data [TCP segment of a reassembled PDU]"
"591","82.499015349","10.0.2.15","173.194.44.63","TCP","56","51178  >  443 [ACK] Seq=1481 Ack=52573 Win=65320 Len=0"
"592","82.499702039","173.194.44.63","10.0.2.15","TLSv1.2","930","Application Data, Application Data"
"593","82.500374238","10.0.2.15","173.194.44.63","TLSv1.2","102","Application Data"
"594","82.500864217","173.194.44.63","10.0.2.15","TCP","62","443  >  51178 [ACK] Seq=53447 Ack=1527 Win=65535 Len=0"
"595","82.539649227","10.0.2.15","173.194.221.196","TCP","76","47484  >  443 [SYN] Seq=0 Win=29200 Len=0 MSS=1460 SACK_PERM=1 TSval=2125785817 TSecr=0 WS=128"
"596","82.574934270","173.194.221.196","10.0.2.15","TCP","62","443  >  47484 [SYN, ACK] Seq=0 Ack=1 Win=65535 Len=0 MSS=1460"
"597","82.575025415","10.0.2.15","173.194.221.196","TCP","56","47484  >  443 [ACK] Seq=1 Ack=1 Win=29200 Len=0"
"598","82.579224100","10.0.2.15","173.194.221.196","TLSv1.3","573","Client Hello"
"599","82.579782328","173.194.221.196","10.0.2.15","TCP","62","443  >  47484 [ACK] Seq=1 Ack=518 Win=65535 Len=0"
"600","82.614491550","173.194.221.196","10.0.2.15","TLSv1.3","1486","Server Hello, Change Cipher Spec"
"601","82.614537296","10.0.2.15","173.194.221.196","TCP","56","47484  >  443 [ACK] Seq=518 Ack=1431 Win=31240 Len=0"
"602","82.614622775","173.194.221.196","10.0.2.15","TLSv1.3","1423","Application Data"
"603","82.614639085","10.0.2.15","173.194.221.196","TCP","56","47484  >  443 [ACK] Seq=518 Ack=2798 Win=34080 Len=0"
"604","82.621425669","10.0.2.15","173.194.44.23","OCSP","489","Request"
"605","82.621996669","173.194.44.23","10.0.2.15","TCP","62","80  >  39590 [ACK] Seq=1427 Ack=1300 Win=65535 Len=0"
"606","82.656656101","173.194.44.23","10.0.2.15","OCSP","769","Response"
"607","82.656702223","10.0.2.15","173.194.44.23","TCP","56","39590  >  80 [ACK] Seq=1300 Ack=2140 Win=32798 Len=0"
"608","82.659052878","10.0.2.15","173.194.221.196","TLSv1.3","120","Change Cipher Spec, Application Data"
"609","82.659520672","173.194.221.196","10.0.2.15","TCP","62","443  >  47484 [ACK] Seq=2798 Ack=582 Win=65535 Len=0"
"610","82.659824695","10.0.2.15","173.194.221.196","TLSv1.3","226","Application Data"
"611","82.660136718","10.0.2.15","173.194.221.196","TLSv1.3","521","Application Data"
"612","82.660376134","173.194.221.196","10.0.2.15","TCP","62","443  >  47484 [ACK] Seq=2798 Ack=752 Win=65535 Len=0"
"613","82.660758805","173.194.221.196","10.0.2.15","TCP","62","443  >  47484 [ACK] Seq=2798 Ack=1217 Win=65535 Len=0"
"614","82.694884453","173.194.221.196","10.0.2.15","TLSv1.3","651","Application Data, Application Data, Application Data"
"615","82.694933218","10.0.2.15","173.194.221.196","TCP","56","47484  >  443 [ACK] Seq=1217 Ack=3393 Win=36920 Len=0"
"616","82.695481678","10.0.2.15","173.194.221.196","TLSv1.3","87","Application Data"
"617","82.697821641","173.194.221.196","10.0.2.15","TLSv1.3","7156","Application Data, Application Data, Application Data, Application Data, Application Data"
"618","82.697899238","10.0.2.15","173.194.221.196","TCP","56","47484  >  443 [ACK] Seq=1248 Ack=10493 Win=51120 Len=0"
"619","82.698064101","173.194.221.196","10.0.2.15","TCP","96","443  >  47484 [ACK] Seq=10493 Ack=1248 Win=65535 Len=40 [TCP segment of a reassembled PDU]"
"620","82.698142837","173.194.221.196","10.0.2.15","TLSv1.3","353","Application Data"
"621","82.698924227","10.0.2.15","173.194.221.196","TCP","56","47484  >  443 [ACK] Seq=1248 Ack=10830 Win=53960 Len=0"
"622","82.700809741","173.194.221.196","10.0.2.15","TLSv1.3","4346","Application Data, Application Data, Application Data"
"623","82.700849666","10.0.2.15","173.194.221.196","TCP","56","47484  >  443 [ACK] Seq=1248 Ack=15120 Win=62480 Len=0"
"624","82.701622268","173.194.221.196","10.0.2.15","TLSv1.3","1486","Application Data"
"625","82.701643082","10.0.2.15","173.194.221.196","TCP","56","47484  >  443 [ACK] Seq=1248 Ack=16550 Win=65320 Len=0"
"626","82.702507051","173.194.221.196","10.0.2.15","TLSv1.3","1486","Application Data"
"627","82.702535443","10.0.2.15","173.194.221.196","TCP","56","47484  >  443 [ACK] Seq=1248 Ack=17980 Win=65320 Len=0"
"628","82.703223449","173.194.221.196","10.0.2.15","TLSv1.3","1486","Application Data"
"629","82.703247040","10.0.2.15","173.194.221.196","TCP","56","47484  >  443 [ACK] Seq=1248 Ack=19410 Win=65320 Len=0"
"630","82.704081263","173.194.221.196","10.0.2.15","TLSv1.3","1486","Application Data"
"631","82.704108473","10.0.2.15","173.194.221.196","TCP","56","47484  >  443 [ACK] Seq=1248 Ack=20840 Win=65320 Len=0"
"632","82.704300910","173.194.221.196","10.0.2.15","TLSv1.3","1486","Application Data"
"633","82.704313679","10.0.2.15","173.194.221.196","TCP","56","47484  >  443 [ACK] Seq=1248 Ack=22270 Win=65320 Len=0"
"634","82.706104416","173.194.221.196","10.0.2.15","TLSv1.3","2916","Application Data, Application Data"
"635","82.706140344","10.0.2.15","173.194.221.196","TCP","56","47484  >  443 [ACK] Seq=1248 Ack=25130 Win=65320 Len=0"
"636","82.707621911","173.194.221.196","10.0.2.15","TLSv1.3","1486","Application Data"
"637","82.707641296","10.0.2.15","173.194.221.196","TCP","56","47484  >  443 [ACK] Seq=1248 Ack=26560 Win=65320 Len=0"
"638","82.729104886","173.194.221.196","10.0.2.15","TLSv1.3","1486","Application Data"
"639","82.729147582","10.0.2.15","173.194.221.196","TCP","56","47484  >  443 [ACK] Seq=1248 Ack=27990 Win=65320 Len=0"
"640","82.729691039","173.194.221.196","10.0.2.15","TLSv1.3","4346","Application Data, Application Data, Application Data"
"641","82.729707544","10.0.2.15","173.194.221.196","TCP","56","47484  >  443 [ACK] Seq=1248 Ack=32280 Win=65320 Len=0"
"642","82.730296871","173.194.221.196","10.0.2.15","TLSv1.3","1486","Application Data"
"643","82.730315147","10.0.2.15","173.194.221.196","TCP","56","47484  >  443 [ACK] Seq=1248 Ack=33710 Win=65320 Len=0"
"644","82.730387457","173.194.221.196","10.0.2.15","TLSv1.3","1486","Application Data"
"645","82.730399526","10.0.2.15","173.194.221.196","TCP","56","47484  >  443 [ACK] Seq=1248 Ack=35140 Win=65320 Len=0"
"646","82.731959259","173.194.221.196","10.0.2.15","TLSv1.3","1486","Application Data"
"647","82.731982935","10.0.2.15","173.194.221.196","TCP","56","47484  >  443 [ACK] Seq=1248 Ack=36570 Win=65320 Len=0"
"648","82.732532183","173.194.221.196","10.0.2.15","TLSv1.3","1486","Application Data"
"649","82.732548259","10.0.2.15","173.194.221.196","TCP","56","47484  >  443 [ACK] Seq=1248 Ack=38000 Win=65320 Len=0"
"650","82.733857518","173.194.221.196","10.0.2.15","TLSv1.3","2916","Application Data, Application Data"
"651","82.733876907","10.0.2.15","173.194.221.196","TCP","56","47484  >  443 [ACK] Seq=1248 Ack=40860 Win=65320 Len=0"
"652","82.735509303","173.194.221.196","10.0.2.15","TLSv1.3","2916","Application Data, Application Data"
"653","82.735532371","10.0.2.15","173.194.221.196","TCP","56","47484  >  443 [ACK] Seq=1248 Ack=43720 Win=65320 Len=0"
"654","82.737230484","173.194.221.196","10.0.2.15","TLSv1.3","2916","Application Data, Application Data"
"655","82.737250030","10.0.2.15","173.194.221.196","TCP","56","47484  >  443 [ACK] Seq=1248 Ack=46580 Win=65320 Len=0"
"656","82.738992624","173.194.221.196","10.0.2.15","TLSv1.3","2916","Application Data, Application Data"
"657","82.739015376","10.0.2.15","173.194.221.196","TCP","56","47484  >  443 [ACK] Seq=1248 Ack=49440 Win=65320 Len=0"
"658","82.740595439","173.194.221.196","10.0.2.15","TLSv1.3","2916","Application Data, Application Data"
"659","82.740646310","10.0.2.15","173.194.221.196","TCP","56","47484  >  443 [ACK] Seq=1248 Ack=52300 Win=65320 Len=0"
"660","82.744664835","173.194.221.196","10.0.2.15","TLSv1.3","1880","Application Data, Application Data, Application Data"
"661","82.744705500","10.0.2.15","173.194.221.196","TCP","56","47484  >  443 [ACK] Seq=1248 Ack=54124 Win=65320 Len=0"
"662","82.745529661","10.0.2.15","173.194.221.196","TLSv1.3","95","Application Data"
"663","82.745926726","173.194.221.196","10.0.2.15","TCP","62","443  >  47484 [ACK] Seq=54124 Ack=1287 Win=65535 Len=0"
"664","82.875504000","10.0.2.15","173.194.44.20","TLSv1.2","427","Application Data"
"665","82.875772531","10.0.2.15","173.194.44.20","TLSv1.2","94","Application Data"
"666","82.876326024","173.194.44.20","10.0.2.15","TCP","62","443  >  36726 [ACK] Seq=362475 Ack=3938 Win=65535 Len=0"
"667","82.876392689","173.194.44.20","10.0.2.15","TCP","62","443  >  36726 [ACK] Seq=362475 Ack=3976 Win=65535 Len=0"
"668","82.882073298","10.0.2.15","173.194.32.205","TCP","76","50100  >  443 [SYN] Seq=0 Win=29200 Len=0 MSS=1460 SACK_PERM=1 TSval=557134027 TSecr=0 WS=128"
"669","82.903210932","173.194.32.205","10.0.2.15","TCP","62","443  >  50100 [SYN, ACK] Seq=0 Ack=1 Win=65535 Len=0 MSS=1460"
"670","82.903298511","10.0.2.15","173.194.32.205","TCP","56","50100  >  443 [ACK] Seq=1 Ack=1 Win=29200 Len=0"
"671","82.907712937","10.0.2.15","173.194.32.205","TLSv1.2","573","Client Hello"
"672","82.909432313","173.194.32.205","10.0.2.15","TCP","62","443  >  50100 [ACK] Seq=1 Ack=518 Win=65535 Len=0"
"673","82.919901591","173.194.44.20","10.0.2.15","TLSv1.2","288","Application Data, Application Data, Application Data"
"674","82.920438133","10.0.2.15","173.194.44.20","TLSv1.2","102","Application Data"
"675","82.920885786","173.194.44.20","10.0.2.15","TCP","62","443  >  36726 [ACK] Seq=362707 Ack=4022 Win=65535 Len=0"
"676","82.943965350","173.194.32.205","10.0.2.15","TLSv1.2","2896","Server Hello"
"677","82.944015883","10.0.2.15","173.194.32.205","TCP","56","50100  >  443 [ACK] Seq=518 Ack=2841 Win=34080 Len=0"
"678","82.944451893","173.194.32.205","10.0.2.15","TLSv1.2","625","Certificate, Server Key Exchange, Server Hello Done"
"679","82.944466404","10.0.2.15","173.194.32.205","TCP","56","50100  >  443 [ACK] Seq=518 Ack=3410 Win=36920 Len=0"
"680","82.958351883","10.0.2.15","173.194.32.205","TLSv1.2","149","Client Key Exchange, Change Cipher Spec, Encrypted Handshake Message"
"681","82.959128466","173.194.32.205","10.0.2.15","TCP","62","443  >  50100 [ACK] Seq=3410 Ack=611 Win=65535 Len=0"
"682","82.959630972","10.0.2.15","173.194.32.205","TLSv1.2","233","Application Data"
"683","82.959844843","10.0.2.15","173.194.32.205","TLSv1.2","422","Application Data"
"684","82.960109305","173.194.32.205","10.0.2.15","TCP","62","443  >  50100 [ACK] Seq=3410 Ack=788 Win=65535 Len=0"
"685","82.960126904","173.194.32.205","10.0.2.15","TCP","62","443  >  50100 [ACK] Seq=3410 Ack=1154 Win=65535 Len=0"
"686","82.993281642","173.194.32.205","10.0.2.15","TLSv1.2","409","New Session Ticket, Change Cipher Spec, Encrypted Handshake Message, Application Data"
"687","82.993572645","173.194.32.205","10.0.2.15","TLSv1.2","94","Application Data"
"688","82.994092019","10.0.2.15","173.194.32.205","TLSv1.2","94","Application Data"
"689","82.994494148","173.194.32.205","10.0.2.15","TCP","62","443  >  50100 [ACK] Seq=3801 Ack=1192 Win=65535 Len=0"
"690","82.998245572","173.194.32.205","10.0.2.15","TLSv1.2","586","Application Data, Application Data, Application Data"
"691","82.998748987","10.0.2.15","173.194.32.205","TLSv1.2","102","Application Data"
"692","82.999170409","173.194.32.205","10.0.2.15","TCP","62","443  >  50100 [ACK] Seq=4331 Ack=1238 Win=65535 Len=0"
"693","83.003350834","10.0.2.15","192.168.0.1","DNS","81","Standard query 0x0ab3 A adservice.google.ru"
"694","83.003442783","10.0.2.15","192.168.0.1","DNS","81","Standard query 0x82c6 AAAA adservice.google.ru"
"695","83.010700053","192.168.0.1","10.0.2.15","DNS","169","Standard query response 0x0ab3 A adservice.google.ru CNAME pagead46.l.doubleclick.net A 173.194.44.90 A 173.194.44.77 A 173.194.44.89"
"696","83.011446869","192.168.0.1","10.0.2.15","DNS","149","Standard query response 0x82c6 AAAA adservice.google.ru CNAME pagead46.l.doubleclick.net AAAA 2a00:1450:4011:80b::101a"
"697","83.012146810","10.0.2.15","173.194.44.90","TCP","76","40818  >  443 [SYN] Seq=0 Win=29200 Len=0 MSS=1460 SACK_PERM=1 TSval=1223950024 TSecr=0 WS=128"
"698","83.036781332","173.194.44.90","10.0.2.15","TCP","62","443  >  40818 [SYN, ACK] Seq=0 Ack=1 Win=65535 Len=0 MSS=1460"
"699","83.036880992","10.0.2.15","173.194.44.90","TCP","56","40818  >  443 [ACK] Seq=1 Ack=1 Win=29200 Len=0"
"700","83.041329081","10.0.2.15","173.194.44.90","TLSv1.2","573","Client Hello"
"701","83.041757743","173.194.44.90","10.0.2.15","TCP","62","443  >  40818 [ACK] Seq=1 Ack=518 Win=65535 Len=0"
"702","83.077330662","173.194.44.90","10.0.2.15","TLSv1.2","2792","Server Hello, Certificate, Server Key Exchange, Server Hello Done"
"703","83.077379423","10.0.2.15","173.194.44.90","TCP","56","40818  >  443 [ACK] Seq=518 Ack=2737 Win=34080 Len=0"
"704","83.087732418","10.0.2.15","173.194.44.90","TLSv1.2","149","Client Key Exchange, Change Cipher Spec, Encrypted Handshake Message"
"705","83.088149253","10.0.2.15","173.194.44.23","OCSP","489","Request"
"706","83.088486188","173.194.44.90","10.0.2.15","TCP","62","443  >  40818 [ACK] Seq=2737 Ack=611 Win=65535 Len=0"
"707","83.088547969","173.194.44.23","10.0.2.15","TCP","62","80  >  39590 [ACK] Seq=2140 Ack=1733 Win=65535 Len=0"
"708","83.103589148","10.0.2.15","173.194.44.20","TLSv1.2","146","Application Data"
"709","83.104296526","173.194.44.20","10.0.2.15","TCP","62","443  >  36726 [ACK] Seq=362707 Ack=4112 Win=65535 Len=0"
"710","83.104879636","10.0.2.15","173.194.44.20","TLSv1.2","146","Application Data"
"711","83.105122824","10.0.2.15","173.194.44.20","TLSv1.2","98","Application Data"
"712","83.105756123","173.194.44.20","10.0.2.15","TCP","62","443  >  36726 [ACK] Seq=362707 Ack=4202 Win=65535 Len=0"
"713","83.105782185","173.194.44.20","10.0.2.15","TCP","62","443  >  36726 [ACK] Seq=362707 Ack=4244 Win=65535 Len=0"
"714","83.122088867","173.194.44.90","10.0.2.15","TLSv1.2","340","New Session Ticket, Change Cipher Spec, Encrypted Handshake Message"
"715","83.122386461","173.194.44.90","10.0.2.15","TLSv1.2","125","Application Data"
"716","83.123599293","173.194.44.23","10.0.2.15","OCSP","769","Response"
"717","83.123627975","10.0.2.15","173.194.44.23","TCP","56","39590  >  80 [ACK] Seq=1733 Ack=2853 Win=34224 Len=0"
"718","83.126196469","10.0.2.15","173.194.44.90","TCP","56","40818  >  443 [ACK] Seq=611 Ack=3090 Win=36920 Len=0"
"719","83.126848438","10.0.2.15","173.194.44.90","TLSv1.2","233","Application Data"
"720","83.126979295","10.0.2.15","173.194.44.90","TLSv1.2","443","Application Data"
"721","83.127316474","173.194.44.90","10.0.2.15","TCP","62","443  >  40818 [ACK] Seq=3090 Ack=788 Win=65535 Len=0"
"722","83.127343149","173.194.44.90","10.0.2.15","TCP","62","443  >  40818 [ACK] Seq=3090 Ack=1175 Win=65535 Len=0"
"723","83.128163543","10.0.2.15","173.194.44.90","TLSv1.2","94","Application Data"
"724","83.128537202","173.194.44.90","10.0.2.15","TCP","62","443  >  40818 [ACK] Seq=3090 Ack=1213 Win=65535 Len=0"
"725","83.138827439","173.194.44.20","10.0.2.15","TLSv1.2","1883","Application Data, Application Data, Application Data, Application Data, Application Data"
"726","83.138877124","10.0.2.15","173.194.44.20","TCP","56","36726  >  443 [ACK] Seq=4244 Ack=364534 Win=65535 Len=0"
"727","83.139636024","173.194.44.20","10.0.2.15","TLSv1.2","1617","Application Data, Application Data"
"728","83.139661459","10.0.2.15","173.194.44.20","TCP","56","36726  >  443 [ACK] Seq=4244 Ack=366095 Win=65535 Len=0"
"729","83.139775695","10.0.2.15","173.194.44.20","TLSv1.2","102","Application Data"
"730","83.140424905","173.194.44.20","10.0.2.15","TCP","62","443  >  36726 [ACK] Seq=366095 Ack=4290 Win=65535 Len=0"
"731","83.160425948","173.194.44.90","10.0.2.15","TLSv1.2","94","Application Data"
"732","83.164163045","173.194.44.90","10.0.2.15","TLSv1.2","594","Application Data, Application Data, Application Data"
"733","83.165010230","10.0.2.15","173.194.44.90","TCP","56","40818  >  443 [ACK] Seq=1213 Ack=3666 Win=39760 Len=0"
"734","83.165196020","10.0.2.15","173.194.44.90","TLSv1.2","102","Application Data"
"735","83.165511740","173.194.44.90","10.0.2.15","TCP","62","443  >  40818 [ACK] Seq=3666 Ack=1259 Win=65535 Len=0"
"736","83.170280364","10.0.2.15","192.168.0.1","DNS","89","Standard query 0x1780 A googleads.g.doubleclick.net"
"737","83.170453579","10.0.2.15","192.168.0.1","DNS","89","Standard query 0xf792 AAAA googleads.g.doubleclick.net"
"738","83.177130787","192.168.0.1","10.0.2.15","DNS","162","Standard query response 0x1780 A googleads.g.doubleclick.net CNAME pagead46.l.doubleclick.net A 173.194.32.205 A 173.194.32.217 A 173.194.32.218"
"739","83.177886697","192.168.0.1","10.0.2.15","DNS","142","Standard query response 0xf792 AAAA googleads.g.doubleclick.net CNAME pagead46.l.doubleclick.net AAAA 2a00:1450:4011:80d::101a"
"740","83.180951772","10.0.2.15","173.194.32.205","TCP","76","50104  >  443 [SYN] Seq=0 Win=29200 Len=0 MSS=1460 SACK_PERM=1 TSval=557134326 TSecr=0 WS=128"
"741","83.201327288","173.194.32.205","10.0.2.15","TCP","62","443  >  50104 [SYN, ACK] Seq=0 Ack=1 Win=65535 Len=0 MSS=1460"
"742","83.201413243","10.0.2.15","173.194.32.205","TCP","56","50104  >  443 [ACK] Seq=1 Ack=1 Win=29200 Len=0"
"743","83.206698685","10.0.2.15","173.194.32.205","TLSv1.2","573","Client Hello"
"744","83.207304340","173.194.32.205","10.0.2.15","TCP","62","443  >  50104 [ACK] Seq=1 Ack=518 Win=65535 Len=0"
"745","83.241861616","173.194.32.205","10.0.2.15","TLSv1.2","1508","Server Hello"
"746","83.241907862","10.0.2.15","173.194.32.205","TCP","56","50104  >  443 [ACK] Seq=518 Ack=1453 Win=31240 Len=0"
"747","83.242007219","173.194.32.205","10.0.2.15","TLSv1.2","1137","Certificate, Server Key Exchange, Server Hello Done"
"748","83.242024000","10.0.2.15","173.194.32.205","TCP","56","50104  >  443 [ACK] Seq=518 Ack=2534 Win=34080 Len=0"
"749","83.254548263","10.0.2.15","173.194.32.205","TLSv1.2","149","Client Key Exchange, Change Cipher Spec, Encrypted Handshake Message"
"750","83.254961802","10.0.2.15","173.194.44.23","OCSP","489","Request"
"751","83.255136345","173.194.32.205","10.0.2.15","TCP","62","443  >  50104 [ACK] Seq=2534 Ack=611 Win=65535 Len=0"
"752","83.255162251","173.194.44.23","10.0.2.15","TCP","62","80  >  39590 [ACK] Seq=2853 Ack=2166 Win=65535 Len=0"
"753","83.291314443","173.194.32.205","10.0.2.15","TLSv1.2","409","New Session Ticket, Change Cipher Spec, Encrypted Handshake Message, Application Data"
"754","83.291355202","173.194.44.23","10.0.2.15","OCSP","769","Response"
"755","83.291378199","10.0.2.15","173.194.44.23","TCP","56","39590  >  80 [ACK] Seq=2166 Ack=3566 Win=35650 Len=0"
"756","83.295850625","10.0.2.15","173.194.32.205","TLSv1.2","233","Application Data"
"757","83.296170067","10.0.2.15","173.194.32.205","TLSv1.2","365","Application Data"
"758","83.296487955","173.194.32.205","10.0.2.15","TCP","62","443  >  50104 [ACK] Seq=2887 Ack=788 Win=65535 Len=0"
"759","83.296516251","173.194.32.205","10.0.2.15","TCP","62","443  >  50104 [ACK] Seq=2887 Ack=1097 Win=65535 Len=0"
"760","83.297034279","10.0.2.15","173.194.32.205","TLSv1.2","94","Application Data"
"761","83.297427467","173.194.32.205","10.0.2.15","TCP","62","443  >  50104 [ACK] Seq=2887 Ack=1135 Win=65535 Len=0"
"762","83.329945328","173.194.32.205","10.0.2.15","TLSv1.2","94","Application Data"
"763","83.332943837","173.194.32.205","10.0.2.15","TLSv1.2","544","Application Data"
"764","83.333109368","10.0.2.15","173.194.32.205","TCP","56","50104  >  443 [ACK] Seq=1135 Ack=3413 Win=39760 Len=0"
"765","83.334039974","10.0.2.15","173.194.32.205","TLSv1.2","102","Application Data"
"766","83.334671760","173.194.32.205","10.0.2.15","TCP","62","443  >  50104 [ACK] Seq=3413 Ack=1181 Win=65535 Len=0"
"767","83.338170844","10.0.2.15","173.194.32.205","TLSv1.2","240","Application Data"
"768","83.338754278","173.194.32.205","10.0.2.15","TCP","62","443  >  50100 [ACK] Seq=4331 Ack=1422 Win=65535 Len=0"
"769","83.374258806","173.194.32.205","10.0.2.15","TLSv1.2","388","Application Data"
"770","83.374734353","10.0.2.15","173.194.32.205","TLSv1.2","102","Application Data"
"771","83.375249543","173.194.32.205","10.0.2.15","TCP","62","443  >  50100 [ACK] Seq=4663 Ack=1468 Win=65535 Len=0"
"772","83.392286852","10.0.2.15","173.194.44.90","TLSv1.2","209","Application Data"
"773","83.392932183","173.194.44.90","10.0.2.15","TCP","62","443  >  40818 [ACK] Seq=3666 Ack=1412 Win=65535 Len=0"
"774","83.418777228","10.0.2.15","173.194.44.20","TLSv1.2","558","Application Data"
"775","83.419367075","173.194.44.20","10.0.2.15","TCP","62","443  >  36726 [ACK] Seq=366095 Ack=4792 Win=65535 Len=0"
"776","83.429173460","173.194.44.90","10.0.2.15","TLSv1.2","340","Application Data, Application Data, Application Data"
"777","83.429936758","10.0.2.15","173.194.44.90","TLSv1.2","102","Application Data"
"778","83.430457841","173.194.44.90","10.0.2.15","TCP","62","443  >  40818 [ACK] Seq=3950 Ack=1458 Win=65535 Len=0"
"779","83.433889765","10.0.2.15","173.194.32.205","TLSv1.2","212","Application Data"
"780","83.434449511","173.194.32.205","10.0.2.15","TCP","62","443  >  50104 [ACK] Seq=3413 Ack=1337 Win=65535 Len=0"
"781","83.470296488","173.194.32.205","10.0.2.15","TLSv1.2","231","Application Data, Application Data, Application Data"
"782","83.471111738","10.0.2.15","173.194.32.205","TLSv1.2","102","Application Data"
"783","83.471606676","173.194.32.205","10.0.2.15","TCP","62","443  >  50104 [ACK] Seq=3588 Ack=1383 Win=65535 Len=0"
"784","83.505881548","173.194.44.20","10.0.2.15","TLSv1.2","1572","Application Data, Application Data"
"785","83.505930356","10.0.2.15","173.194.44.20","TCP","56","36726  >  443 [ACK] Seq=4792 Ack=367611 Win=65535 Len=0"
"786","83.506128820","173.194.44.20","10.0.2.15","TLSv1.2","2960","Application Data, Application Data"
"787","83.506146441","10.0.2.15","173.194.44.20","TCP","56","36726  >  443 [ACK] Seq=4792 Ack=370515 Win=65535 Len=0"
"788","83.507166177","173.194.44.20","10.0.2.15","TLSv1.2","1379","Application Data"
"789","83.507187734","173.194.44.20","10.0.2.15","TLSv1.2","1508","Application Data"
"790","83.507197931","10.0.2.15","173.194.44.20","TCP","56","36726  >  443 [ACK] Seq=4792 Ack=373290 Win=65535 Len=0"
"791","83.507250294","173.194.44.20","10.0.2.15","TLSv1.2","4412","Application Data, Application Data, Application Data"
"792","83.507261833","10.0.2.15","173.194.44.20","TCP","56","36726  >  443 [ACK] Seq=4792 Ack=377646 Win=65535 Len=0"
"793","83.507876304","173.194.44.20","10.0.2.15","TLSv1.2","2960","Application Data, Application Data"
"794","83.507892934","10.0.2.15","173.194.44.20","TCP","56","36726  >  443 [ACK] Seq=4792 Ack=380550 Win=65535 Len=0"
"795","83.507940990","173.194.44.20","10.0.2.15","TLSv1.2","2015","Application Data, Application Data, Application Data, Application Data, Application Data"
"796","83.507952979","10.0.2.15","173.194.44.20","TCP","56","36726  >  443 [ACK] Seq=4792 Ack=382509 Win=65535 Len=0"
"797","83.509547306","10.0.2.15","173.194.44.20","TLSv1.2","102","Application Data"
"798","83.510038299","173.194.44.20","10.0.2.15","TCP","62","443  >  36726 [ACK] Seq=382509 Ack=4838 Win=65535 Len=0"
